,0
0,Java
1,Spring
2,Boot
3,JPA
4,MySQL
5,AWS
6,Azure
7,JAVA
8,H
9,O
10,FLOW
11,SAAS
12,PG
13,AI
14,React
15,Nextjs
16,Dapp
17,Server
18,Developer
19,Full
20,Stack
21,Developer
22,TypeScript
23,React
24,React
25,Native
26,Kotlin
27,Swift
28,Native
29,TypeScript
30,Serverless
31,Node
32,MongoDB
33,PO
34,DA
35,UI
36,LLM
37,AI
38,PO
39,GIS
40,R
41,D
42,GIS
43,MICE
44,AI
45,Java
46,Spring
47,Boot
48,PostgreSQL
49,JPA
50,Querydsl
51,AWS
52,MSA
53,D
54,AR
55,AI
56,SEO
57,CRA
58,Next
59,js
60,feature
61,like
62,Vercel
63,production
64,CI
65,CD
66,NFT
67,STO
68,APP
69,API
70,MUI
71,UI
72,Micro
73,Frontend
74,AI
75,UI
76,UX
77,React
78,UI
79,UX
80,Application
81,ERP
82,Goorm
83,Design
84,System
85,GDS
86,React
87,NestJS
88,Clap
89,Spring
90,Boot
91,Spring
92,Cloud
93,RESTful
94,API
95,Back
96,end
97,Back
98,end
99,RESTful
100,API
101,MySQL
102,MongoDB
103,PHP
104,Modern
105,CI
106,HTML
107,CSS
108,JS
109,Python
110,Java
111,Node
112,js
113,Powershell
114,Docker
115,Docker
116,swarm
117,Elasticsearch
118,Mariadb
119,redis
120,REST
121,API
122,PHP
123,Python
124,go
125,REST
126,API
127,Elasticsearch
128,docker
129,Hyper
130,v
131,IFRS
132,Electron
133,Typescript
134,React
135,CSS
136,Nodejs
137,Nestjs
138,Computer
139,Language
140,Parsing
141,co
142,work
143,NodeJS
144,React
145,JavaScript
146,MongoDB
147,Git
148,AWS
149,Front
150,end
151,Back
152,end
153,Javascript
154,DB
155,API
156,Vue
157,js
158,Backend
159,API
160,UI
161,iOS
162,Key
163,Responsibilities
164,As
165,a
166,Junior
167,Frontend
168,Engineer
169,at
170,Hopae
171,you
172,will
173,assist
174,in
175,developing
176,user
177,centric
178,web
179,experiences
180,and
181,collaborate
182,with
183,senior
184,engineers
185,to
186,deliver
187,high
188,quality
189,software
190,solutions
191,Assist
192,in
193,the
194,design
195,and
196,development
197,of
198,user
199,interfaces
200,UI
201,and
202,user
203,experiences
204,UX
205,for
206,web
207,applications
208,Write
209,clean
210,efficient
211,and
212,maintainable
213,code
214,using
215,TypeScript
216,and
217,JavaScript
218,ES
219,Collaborate
220,with
221,backend
222,developers
223,and
224,other
225,team
226,members
227,to
228,integrate
229,user
230,facing
231,elements
232,with
233,server
234,side
235,logic
236,Participate
237,in
238,code
239,reviews
240,testing
241,and
242,debugging
243,to
244,ensure
245,high
246,quality
247,software
248,delivery
249,Stay
250,updated
251,with
252,the
253,latest
254,frontend
255,development
256,trends
257,and
258,technologies
259,Tech
260,Stack
261,Languages
262,TypeScript
263,JavaScript
264,ES
265,Frameworks
266,React
267,Expo
268,Next
269,js
270,Styling
271,CSS
272,SCSS
273,TailwindCSS
274,Styled
275,Components
276,State
277,Management
278,React
279,Context
280,API
281,Data
282,Fetching
283,RESTful
284,APIs
285,Axios
286,SWR
287,Build
288,Tools
289,Vite
290,Webpack
291,Babel
292,Testing
293,Jest
294,React
295,Testing
296,Library
297,Cypress
298,Analytics
299,Amplitude
300,Hotjar
301,Google
302,Analytics
303,Version
304,Control
305,Git
306,GitHub
307,Collaboration
308,Documentation
309,Figma
310,Slack
311,Notion
312,WMS
313,UI
314,FE
315,BE
316,Test
317,coverage
318,repository
319,Micro
320,Service
321,Architecture
322,Event
323,Driven
324,Architecture
325,Layered
326,Architecture
327,Hexagonal
328,Architecture
329,FE
330,Vue
331,js
332,React
333,js
334,Svelte
335,monorepo
336,UI
337,BE
338,Express
339,js
340,Nest
341,js
342,Spring
343,Kotlin
344,RDB
345,PostgreSQL
346,AWS
347,DynamoDB
348,Redis
349,AWS
350,Lambda
351,ElasticSearch
352,OpenSearch
353,TDD
354,DDD
355,GitHub
356,Jira
357,Notion
358,Python
359,API
360,LMS
361,LMS
362,Data
363,AI
364,AI
365,MSA
366,MicroService
367,Architecture
368,AI
369,RESTful
370,API
371,GraphQL
372,SQL
373,NoSQL
374,AWS
375,GCP
376,Azure
377,AI
378,FastAPI
379,Batch
380,Python
381,MySQL
382,AWS
383,S
384,API
385,Python
386,React
387,Next
388,js
389,PC
390,FE
391,Next
392,js
393,Tailwind
394,CSS
395,ReactHookForm
396,Zod
397,shadcn
398,ui
399,TypeScript
400,pnpm
401,Storybook
402,Vercel
403,BE
404,Supabase
405,Supabase
406,Edge
407,Function
408,PostgreSQL
409,Cloudflare
410,Images
411,Cloudflare
412,Workers
413,App
414,React
415,Native
416,WebView
417,Tool
418,Linear
419,Slack
420,Github
421,VSCode
422,Python
423,MySQL
424,IT
425,Notion
426,Tableau
427,Google
428,Sheets
429,Telegram
430,D
431,Full
432,stack
433,engineer
434,Web
435,DB
436,API
437,AWS
438,Node
439,Flutter
440,GetX
441,Data
442,Engineer
443,ETL
444,ELT
445,ML
446,Data
447,Engineer
448,ML
449,NLP
450,Computer
451,Vision
452,API
453,NestJS
454,MySQL
455,MQTT
456,WebSocket
457,ROS
458,Web
459,API
460,RestFul
461,Tcp
462,IP
463,BackOffice
464,OCR
465,Text
466,Character
467,Word
468,Detection
469,Text
470,Character
471,Word
472,Recognition
473,Image
474,Warping
475,Affine
476,Transform
477,Perspective
478,Transform
479,Box
480,Regression
481,A
482,Card
483,Type
484,Fake
485,Detection
486,Frequency
487,Domain
488,Transformation
489,DCT
490,DFT
491,DWT
492,Frequency
493,Domain
494,Image
495,Classification
496,Frequency
497,Domain
498,Loss
499,Calculation
500,Deepfake
501,Detection
502,Generative
503,AI
504,Image
505,Restoration
506,Super
507,Resolution
508,Colorization
509,Image
510,Style
511,Transferring
512,StyleGAN
513,Diffusion
514,Model
515,DeepFake
516,Background
517,Changing
518,Video
519,Auto
520,Tagging
521,Video
522,Object
523,Tracking
524,Pose
525,Estimation
526,Motion
527,Recognition
528,Instance
529,Segmentation
530,FFMPEG
531,ML
532,DL
533,Data
534,insight
535,BI
536,Data
537,Pipeline
538,SaMD
539,Software
540,as
541,Medical
542,Device
543,EMR
544,Image
545,Detection
546,Server
547,Developer
548,Scala
549,Cassandra
550,Akka
551,AWS
552,Design
553,and
554,development
555,of
556,micro
557,service
558,based
559,electronic
560,trading
561,system
562,components
563,from
564,scratch
565,Develop
566,features
567,and
568,improvements
569,to
570,our
571,products
572,in
573,a
574,secure
575,well
576,tested
577,and
578,performant
579,way
580,React
581,Nextjs
582,Nextjs
583,n
584,n
585,n
586,n
587,n
588,n
589,n
590,n
591,Gitlab
592,Github
593,n
594,n
595,n
596,url
597,hiringOrganization
598,Organization
599,name
600,logo
601,description
602,n
603,n
604,n
605,n
606,n
607,B
608,B
609,n
610,n
611,n
612,n
613,n
614,n
615,StudioMX
616,nIT
617,datePosted
618,industry
619,IT
620,occupationalCategory
621,employmentType
622,jobLocation
623,Place
624,address
625,PostalAddress
626,streetAddress
627,addressLocality
628,addressRegion
629,addressCountry
630,experienceRequirements
631,identifier
632,PropertyValue
633,propertyID
634,baseSalary
635,MonetaryAmount
636,currency
637,KRW
638,value
639,QuantitativeValue
640,minValue
641,maxValue
642,unitText
643,YEAR
644,BreadcrumbList
645,itemListElement
646,ListItem
647,position
648,name
649,item
650,ListItem
651,position
652,name
653,item
654,ListItem
655,position
656,name
657,item
658,ListItem
659,position
660,name
661,Python
662,Backend
663,BreadcrumbList
664,itemListElement
665,ListItem
666,position
667,name
668,item
669,ListItem
670,position
671,name
672,item
673,tab
674,company
675,ListItem
676,position
677,name
678,item
679,ListItem
680,position
681,name
682,Python
683,Backend
684,function
685,use
686,strict
687,function
688,e
689,t
690,var
691,r
692,e
693,amplitude
694,q
695,iq
696,if
697,r
698,invoked
699,e
700,console
701,console
702,error
703,console
704,error
705,Amplitude
706,snippet
707,has
708,been
709,loaded
710,else
711,var
712,n
713,function
714,e
715,t
716,e
717,prototype
718,t
719,function
720,return
721,this
722,q
723,push
724,name
725,t
726,args
727,arguments
728,this
729,s
730,function
731,e
732,t
733,r
734,return
735,function
736,n
737,e
738,q
739,push
740,name
741,t
742,args
743,r
744,resolve
745,n
746,o
747,function
748,e
749,t
750,r
751,e
752,q
753,push
754,name
755,t
756,args
757,r
758,i
759,function
760,e
761,t
762,r
763,e
764,t
765,function
766,if
767,r
768,return
769,promise
770,new
771,Promise
772,s
773,e
774,t
775,arguments
776,o
777,e
778,t
779,arguments
780,a
781,function
782,e
783,for
784,var
785,t
786,t
787,m
788,length
789,t
790,i
791,e
792,m
793,t
794,for
795,var
796,r
797,r
798,g
799,length
800,r
801,i
802,e
803,g
804,r
805,r
806,invoked
807,var
808,c
809,t
810,createElement
811,script
812,c
813,type
814,text
815,javascript
816,c
817,integrity
818,sha
819,BWw
820,N
821,aN
822,SdxZuwmRR
823,StXCLA
824,Bre
825,jR
826,bJt
827,pM
828,IqONNALC
829,rf
830,NkWMTyta
831,c
832,crossOrigin
833,anonymous
834,c
835,async
836,c
837,src
838,c
839,onload
840,function
841,e
842,amplitude
843,runQueuedFunctions
844,console
845,log
846,Amplitude
847,Error
848,could
849,not
850,load
851,SDK
852,var
853,u
854,t
855,getElementsByTagName
856,script
857,u
858,parentNode
859,insertBefore
860,c
861,u
862,for
863,var
864,l
865,function
866,return
867,this
868,q
869,this
870,p
871,add
872,append
873,clearAll
874,prepend
875,set
876,setOnce
877,unset
878,preInsert
879,postInsert
880,remove
881,getUserProperties
882,d
883,d
884,p
885,length
886,d
887,n
888,l
889,p
890,d
891,r
892,Identify
893,l
894,for
895,var
896,f
897,function
898,return
899,this
900,q
901,this
902,v
903,getEventProperties
904,setProductId
905,setQuantity
906,setPrice
907,setRevenue
908,setRevenueType
909,setEventProperties
910,y
911,y
912,v
913,length
914,y
915,n
916,f
917,v
918,y
919,r
920,Revenue
921,f
922,var
923,m
924,getDeviceId
925,setDeviceId
926,getSessionId
927,setSessionId
928,getUserId
929,setUserId
930,setOptOut
931,setTransport
932,reset
933,extendSession
934,g
935,init
936,add
937,remove
938,track
939,logEvent
940,identify
941,groupIdentify
942,setGroup
943,revenue
944,flush
945,a
946,r
947,r
948,createInstance
949,function
950,e
951,return
952,r
953,iq
954,e
955,q
956,a
957,r
958,iq
959,e
960,r
961,iq
962,e
963,e
964,amplitude
965,r
966,window
967,document
968,amplitude
969,init
970,d
971,dcdfb
972,e
973,b
974,a
975,d
976,f
977,aa
978,defaultTracking
979,attribution
980,true
981,pageViews
982,false
983,sessions
984,false
985,formInteractions
986,false
987,fileDownloads
988,false
989,function
990,w
991,d
992,s
993,l
994,i
995,w
996,l
997,w
998,l
999,w
1000,l
1001,push
1002,gtm
1003,start
1004,new
1005,Date
1006,getTime
1007,event
1008,gtm
1009,js
1010,var
1011,f
1012,d
1013,getElementsByTagName
1014,s
1015,j
1016,d
1017,createElement
1018,s
1019,dl
1020,l
1021,dataLayer
1022,l
1023,l
1024,j
1025,async
1026,true
1027,j
1028,src
1029,window
1030,document
1031,script
1032,dataLayer
1033,GTM
1034,P
1035,J
1036,HJ
1037,Python
1038,Backend
1039,CRM
1040,UX
1041,B
1042,B
1043,MAU
1044,Gitlab
1045,Github
1046,IoT
1047,API
1048,Data
1049,Analyst
1050,LLM
1051,Large
1052,Language
1053,Model
1054,RAG
1055,LLM
1056,Powered
1057,Autonomous
1058,Agents
1059,AI
1060,NLP
1061,TTS
1062,Text
1063,to
1064,Speech
1065,STT
1066,Speech
1067,to
1068,Text
1069,RAG
1070,Reinforcement
1071,Learning
1072,with
1073,Augmented
1074,Data
1075,AI
1076,AI
1077,iOS
1078,iOS
1079,Native
1080,What
1081,You
1082,ll
1083,Do
1084,Development
1085,Environment
1086,S
1087,Athena
1088,ML
1089,MLOps
1090,SageMaker
1091,Triton
1092,MLflow
1093,PyTorch
1094,Jira
1095,Confluence
1096,Slack
1097,GitHub
1098,About
1099,Lung
1100,Vision
1101,AI
1102,Team
1103,VUNO
1104,Med
1105,LungCT
1106,AI
1107,ML
1108,D
1109,CT
1110,Research
1111,Scientist
1112,ML
1113,Engineer
1114,Biostatistician
1115,Responsibilities
1116,e
1117,g
1118,ML
1119,ML
1120,REST
1121,API
1122,B
1123,B
1124,SaaS
1125,B
1126,B
1127,SaaS
1128,API
1129,API
1130,AWS
1131,Cloud
1132,On
1133,premise
1134,remote
1135,or
1136,offline
1137,on
1138,site
1139,Key
1140,Responsibilities
1141,As
1142,a
1143,Junior
1144,Backend
1145,Engineer
1146,at
1147,Hopae
1148,you
1149,will
1150,assist
1151,in
1152,the
1153,development
1154,and
1155,maintenance
1156,of
1157,backend
1158,systems
1159,that
1160,support
1161,our
1162,digital
1163,identity
1164,products
1165,You
1166,will
1167,work
1168,under
1169,the
1170,guidance
1171,of
1172,senior
1173,engineers
1174,and
1175,collaborate
1176,with
1177,cross
1178,functional
1179,teams
1180,to
1181,deliver
1182,high
1183,quality
1184,software
1185,solutions
1186,Assist
1187,in
1188,the
1189,design
1190,development
1191,and
1192,maintenance
1193,of
1194,backend
1195,systems
1196,and
1197,APIs
1198,Write
1199,clean
1200,efficient
1201,and
1202,maintainable
1203,code
1204,using
1205,Node
1206,js
1207,and
1208,TypeScript
1209,Collaborate
1210,with
1211,frontend
1212,developers
1213,and
1214,other
1215,team
1216,members
1217,to
1218,integrate
1219,user
1220,facing
1221,elements
1222,with
1223,server
1224,side
1225,logic
1226,Participate
1227,in
1228,code
1229,reviews
1230,testing
1231,and
1232,debugging
1233,to
1234,ensure
1235,high
1236,quality
1237,software
1238,delivery
1239,Stay
1240,updated
1241,with
1242,the
1243,latest
1244,backend
1245,development
1246,trends
1247,and
1248,technologies
1249,Tech
1250,Stack
1251,Languages
1252,Node
1253,js
1254,TypeScript
1255,Frameworks
1256,Nest
1257,js
1258,Databases
1259,MySQL
1260,MongoDB
1261,APIs
1262,RESTful
1263,APIs
1264,WebSocket
1265,GraphQL
1266,Containerization
1267,Docker
1268,DevOps
1269,GitHub
1270,Action
1271,AWS
1272,CodePipeline
1273,Monitoring
1274,Logging
1275,Elastic
1276,Stack
1277,ELK
1278,AWS
1279,CloudWatch
1280,Version
1281,Control
1282,Git
1283,GitHub
1284,Cloud
1285,Provider
1286,AWS
1287,GCP
1288,Collaboration
1289,Documentation
1290,Figma
1291,Slack
1292,Notion
1293,Terraform
1294,AWS
1295,NCP
1296,Kubernetes
1297,CI
1298,CD
1299,Application
1300,State
1301,AI
1302,LLM
1303,HMI
1304,HMI
1305,word
1306,embedding
1307,text
1308,clustering
1309,NLP
1310,text
1311,chunking
1312,semantic
1313,maching
1314,vector
1315,DB
1316,Retriever
1317,Reader
1318,sLLM
1319,fine
1320,tunning
1321,ensemble
1322,prompt
1323,engineering
1324,Data
1325,Platform
1326,LakeHouse
1327,Data
1328,Mart
1329,Data
1330,Mart
1331,Jira
1332,Confluence
1333,Git
1334,RESTful
1335,API
1336,Node
1337,js
1338,AWS
1339,GCP
1340,Node
1341,in
1342,house
1343,In
1344,house
1345,management
1346,system
1347,AWS
1348,Job
1349,codebase
1350,QA
1351,Lake
1352,Warehouse
1353,Node
1354,in
1355,house
1356,request
1357,proxy
1358,MSA
1359,AWS
1360,Jenkins
1361,k
1362,s
1363,argo
1364,teraform
1365,helm
1366,elastic
1367,search
1368,datadog
1369,prometheus
1370,CUBRID
1371,DBMS
1372,DBMS
1373,DBMS
1374,PM
1375,LLM
1376,Large
1377,Language
1378,Model
1379,LLM
1380,Fine
1381,tuning
1382,LLM
1383,Fine
1384,tuning
1385,Langchain
1386,RAG
1387,MLOps
1388,React
1389,Native
1390,Android
1391,iOS
1392,React
1393,Native
1394,React
1395,Native
1396,bridge
1397,React
1398,Native
1399,API
1400,DB
1401,MySQL
1402,Backend
1403,Server
1404,Java
1405,Spring
1406,framework
1407,Kubernetes
1408,DB
1409,AI
1410,VLLO
1411,WEILO
1412,Hadoop
1413,Spark
1414,VLLO
1415,API
1416,Cloud
1417,Server
1418,API
1419,D
1420,D
1421,TTS
1422,VST
1423,LLM
1424,G
1425,P
1426,MLOps
1427,On
1428,device
1429,AI
1430,AI
1431,Task
1432,On
1433,device
1434,AI
1435,Framework
1436,ZETIC
1437,MLange
1438,AI
1439,application
1440,pipeline
1441,R
1442,D
1443,AI
1444,AI
1445,On
1446,Premises
1447,Rust
1448,WebAssembly
1449,UI
1450,UI
1451,AI
1452,AI
1453,AI
1454,Triage
1455,Spring
1456,React
1457,WebAssembly
1458,iPad
1459,Android
1460,Tablet
1461,WebAssembly
1462,SaaS
1463,SaaS
1464,On
1465,Premises
1466,Google
1467,Meet
1468,Google
1469,Meet
1470,Google
1471,Meet
1472,ML
1473,Engineer
1474,Feature
1475,Engineering
1476,ML
1477,Engineer
1478,A
1479,IR
1480,Math
1481,Backend
1482,Application
1483,FastAPI
1484,Spring
1485,Backend
1486,Application
1487,Feature
1488,Store
1489,ML
1490,Engineer
1491,GPU
1492,PM
1493,PM
1494,PM
1495,Offerwall
1496,Large
1497,Language
1498,Model
1499,End
1500,to
1501,End
1502,LLM
1503,Java
1504,Data
1505,driven
1506,AWS
1507,n
1508,n
1509,n
1510,url
1511,hiringOrganization
1512,Organization
1513,name
1514,logo
1515,description
1516,n
1517,n
1518,n
1519,n
1520,AI
1521,IoT
1522,datePosted
1523,industry
1524,IT
1525,occupationalCategory
1526,validThrough
1527,employmentType
1528,jobLocation
1529,Place
1530,address
1531,PostalAddress
1532,streetAddress
1533,SKV
1534,Center
1535,addressRegion
1536,addressCountry
1537,experienceRequirements
1538,identifier
1539,PropertyValue
1540,propertyID
1541,baseSalary
1542,MonetaryAmount
1543,currency
1544,KRW
1545,value
1546,QuantitativeValue
1547,minValue
1548,maxValue
1549,unitText
1550,YEAR
1551,BreadcrumbList
1552,itemListElement
1553,ListItem
1554,position
1555,name
1556,item
1557,ListItem
1558,position
1559,name
1560,item
1561,ListItem
1562,position
1563,name
1564,item
1565,ListItem
1566,position
1567,name
1568,BreadcrumbList
1569,itemListElement
1570,ListItem
1571,position
1572,name
1573,item
1574,ListItem
1575,position
1576,name
1577,item
1578,tab
1579,company
1580,ListItem
1581,position
1582,name
1583,item
1584,ListItem
1585,position
1586,name
1587,function
1588,use
1589,strict
1590,function
1591,e
1592,t
1593,var
1594,r
1595,e
1596,amplitude
1597,q
1598,iq
1599,if
1600,r
1601,invoked
1602,e
1603,console
1604,console
1605,error
1606,console
1607,error
1608,Amplitude
1609,snippet
1610,has
1611,been
1612,loaded
1613,else
1614,var
1615,n
1616,function
1617,e
1618,t
1619,e
1620,prototype
1621,t
1622,function
1623,return
1624,this
1625,q
1626,push
1627,name
1628,t
1629,args
1630,arguments
1631,this
1632,s
1633,function
1634,e
1635,t
1636,r
1637,return
1638,function
1639,n
1640,e
1641,q
1642,push
1643,name
1644,t
1645,args
1646,r
1647,resolve
1648,n
1649,o
1650,function
1651,e
1652,t
1653,r
1654,e
1655,q
1656,push
1657,name
1658,t
1659,args
1660,r
1661,i
1662,function
1663,e
1664,t
1665,r
1666,e
1667,t
1668,function
1669,if
1670,r
1671,return
1672,promise
1673,new
1674,Promise
1675,s
1676,e
1677,t
1678,arguments
1679,o
1680,e
1681,t
1682,arguments
1683,a
1684,function
1685,e
1686,for
1687,var
1688,t
1689,t
1690,m
1691,length
1692,t
1693,i
1694,e
1695,m
1696,t
1697,for
1698,var
1699,r
1700,r
1701,g
1702,length
1703,r
1704,i
1705,e
1706,g
1707,r
1708,r
1709,invoked
1710,var
1711,c
1712,t
1713,createElement
1714,script
1715,c
1716,type
1717,text
1718,javascript
1719,c
1720,integrity
1721,sha
1722,BWw
1723,N
1724,aN
1725,SdxZuwmRR
1726,StXCLA
1727,Bre
1728,jR
1729,bJt
1730,pM
1731,IqONNALC
1732,rf
1733,NkWMTyta
1734,c
1735,crossOrigin
1736,anonymous
1737,c
1738,async
1739,c
1740,src
1741,c
1742,onload
1743,function
1744,e
1745,amplitude
1746,runQueuedFunctions
1747,console
1748,log
1749,Amplitude
1750,Error
1751,could
1752,not
1753,load
1754,SDK
1755,var
1756,u
1757,t
1758,getElementsByTagName
1759,script
1760,u
1761,parentNode
1762,insertBefore
1763,c
1764,u
1765,for
1766,var
1767,l
1768,function
1769,return
1770,this
1771,q
1772,this
1773,p
1774,add
1775,append
1776,clearAll
1777,prepend
1778,set
1779,setOnce
1780,unset
1781,preInsert
1782,postInsert
1783,remove
1784,getUserProperties
1785,d
1786,d
1787,p
1788,length
1789,d
1790,n
1791,l
1792,p
1793,d
1794,r
1795,Identify
1796,l
1797,for
1798,var
1799,f
1800,function
1801,return
1802,this
1803,q
1804,this
1805,v
1806,getEventProperties
1807,setProductId
1808,setQuantity
1809,setPrice
1810,setRevenue
1811,setRevenueType
1812,setEventProperties
1813,y
1814,y
1815,v
1816,length
1817,y
1818,n
1819,f
1820,v
1821,y
1822,r
1823,Revenue
1824,f
1825,var
1826,m
1827,getDeviceId
1828,setDeviceId
1829,getSessionId
1830,setSessionId
1831,getUserId
1832,setUserId
1833,setOptOut
1834,setTransport
1835,reset
1836,extendSession
1837,g
1838,init
1839,add
1840,remove
1841,track
1842,logEvent
1843,identify
1844,groupIdentify
1845,setGroup
1846,revenue
1847,flush
1848,a
1849,r
1850,r
1851,createInstance
1852,function
1853,e
1854,return
1855,r
1856,iq
1857,e
1858,q
1859,a
1860,r
1861,iq
1862,e
1863,r
1864,iq
1865,e
1866,e
1867,amplitude
1868,r
1869,window
1870,document
1871,amplitude
1872,init
1873,d
1874,dcdfb
1875,e
1876,b
1877,a
1878,d
1879,f
1880,aa
1881,defaultTracking
1882,attribution
1883,true
1884,pageViews
1885,false
1886,sessions
1887,false
1888,formInteractions
1889,false
1890,fileDownloads
1891,false
1892,function
1893,w
1894,d
1895,s
1896,l
1897,i
1898,w
1899,l
1900,w
1901,l
1902,w
1903,l
1904,push
1905,gtm
1906,start
1907,new
1908,Date
1909,getTime
1910,event
1911,gtm
1912,js
1913,var
1914,f
1915,d
1916,getElementsByTagName
1917,s
1918,j
1919,d
1920,createElement
1921,s
1922,dl
1923,l
1924,dataLayer
1925,l
1926,l
1927,j
1928,async
1929,true
1930,j
1931,src
1932,window
1933,document
1934,script
1935,dataLayer
1936,GTM
1937,P
1938,J
1939,HJ
1940,Indoor
1941,Navigation
1942,yymmdd
1943,Java
1944,JavaScript
1945,Spring
1946,Framework
1947,React
1948,React
1949,Native
1950,Git
1951,Html
1952,CSS
1953,Node
1954,js
1955,MySQL
1956,DB
1957,Django
1958,GEAR
1959,IT
1960,TDD
1961,Terraform
1962,Amazon
1963,EKS
1964,k
1965,s
1966,docker
1967,TCP
1968,TDD
1969,GEAR
1970,C
1971,NET
1972,Core
1973,Entity
1974,Framework
1975,Core
1976,Kotlin
1977,Spring
1978,Framework
1979,MySQL
1980,MongoDB
1981,Redis
1982,Kafka
1983,Elasticsearch
1984,Docker
1985,Kubernetes
1986,Elastic
1987,kubernetes
1988,service
1989,AWS
1990,EKS
1991,Terraform
1992,Jenkins
1993,ELK
1994,Grafana
1995,prometheus
1996,React
1997,Typescript
1998,APP
1999,ML
2000,Researcher
2001,ML
2002,Researcher
2003,ML
2004,Researcher
2005,ML
2006,Human
2007,object
2008,Detector
2009,Multi
2010,Human
2011,object
2012,Tracker
2013,Person
2014,Re
2015,identifier
2016,Gender
2017,age
2018,Estimator
2019,Person
2020,Re
2021,identifier
2022,Multi
2023,camera
2024,multi
2025,object
2026,tracking
2027,ML
2028,ML
2029,Research
2030,Team
2031,ML
2032,Researcher
2033,ML
2034,ML
2035,ML
2036,A
2037,MVP
2038,B
2039,OS
2040,Linux
2041,Unix
2042,Windows
2043,DB
2044,API
2045,HTML
2046,CSS
2047,Tailwind
2048,CSS
2049,Docker
2050,Node
2051,js
2052,Linux
2053,MySQL
2054,JavaScript
2055,TypeScript
2056,Git
2057,AWS
2058,React
2059,Next
2060,js
2061,Angular
2062,React
2063,Next
2064,js
2065,Angular
2066,QA
2067,CI
2068,CD
2069,Flutter
2070,PC
2071,CMS
2072,Flutter
2073,GetX
2074,Node
2075,VISION
2076,AI
2077,A
2078,B
2079,KPI
2080,Next
2081,js
2082,Back
2083,Office
2084,AWS
2085,iOS
2086,iOS
2087,WiFi
2088,BLE
2089,GPS
2090,Sensor
2091,DB
2092,Office
2093,PC
2094,IT
2095,IT
2096,IT
2097,n
2098,n
2099,n
2100,url
2101,hiringOrganization
2102,Organization
2103,name
2104,logo
2105,description
2106,n
2107,n
2108,n
2109,n
2110,AI
2111,IoT
2112,datePosted
2113,industry
2114,IT
2115,occupationalCategory
2116,validThrough
2117,employmentType
2118,jobLocation
2119,Place
2120,address
2121,PostalAddress
2122,streetAddress
2123,SKV
2124,Center
2125,addressRegion
2126,addressCountry
2127,experienceRequirements
2128,identifier
2129,PropertyValue
2130,propertyID
2131,baseSalary
2132,MonetaryAmount
2133,currency
2134,KRW
2135,value
2136,QuantitativeValue
2137,minValue
2138,maxValue
2139,unitText
2140,YEAR
2141,BreadcrumbList
2142,itemListElement
2143,ListItem
2144,position
2145,name
2146,item
2147,ListItem
2148,position
2149,name
2150,item
2151,ListItem
2152,position
2153,name
2154,item
2155,ListItem
2156,position
2157,name
2158,Java
2159,BreadcrumbList
2160,itemListElement
2161,ListItem
2162,position
2163,name
2164,item
2165,ListItem
2166,position
2167,name
2168,item
2169,tab
2170,company
2171,ListItem
2172,position
2173,name
2174,item
2175,ListItem
2176,position
2177,name
2178,Java
2179,function
2180,use
2181,strict
2182,function
2183,e
2184,t
2185,var
2186,r
2187,e
2188,amplitude
2189,q
2190,iq
2191,if
2192,r
2193,invoked
2194,e
2195,console
2196,console
2197,error
2198,console
2199,error
2200,Amplitude
2201,snippet
2202,has
2203,been
2204,loaded
2205,else
2206,var
2207,n
2208,function
2209,e
2210,t
2211,e
2212,prototype
2213,t
2214,function
2215,return
2216,this
2217,q
2218,push
2219,name
2220,t
2221,args
2222,arguments
2223,this
2224,s
2225,function
2226,e
2227,t
2228,r
2229,return
2230,function
2231,n
2232,e
2233,q
2234,push
2235,name
2236,t
2237,args
2238,r
2239,resolve
2240,n
2241,o
2242,function
2243,e
2244,t
2245,r
2246,e
2247,q
2248,push
2249,name
2250,t
2251,args
2252,r
2253,i
2254,function
2255,e
2256,t
2257,r
2258,e
2259,t
2260,function
2261,if
2262,r
2263,return
2264,promise
2265,new
2266,Promise
2267,s
2268,e
2269,t
2270,arguments
2271,o
2272,e
2273,t
2274,arguments
2275,a
2276,function
2277,e
2278,for
2279,var
2280,t
2281,t
2282,m
2283,length
2284,t
2285,i
2286,e
2287,m
2288,t
2289,for
2290,var
2291,r
2292,r
2293,g
2294,length
2295,r
2296,i
2297,e
2298,g
2299,r
2300,r
2301,invoked
2302,var
2303,c
2304,t
2305,createElement
2306,script
2307,c
2308,type
2309,text
2310,javascript
2311,c
2312,integrity
2313,sha
2314,BWw
2315,N
2316,aN
2317,SdxZuwmRR
2318,StXCLA
2319,Bre
2320,jR
2321,bJt
2322,pM
2323,IqONNALC
2324,rf
2325,NkWMTyta
2326,c
2327,crossOrigin
2328,anonymous
2329,c
2330,async
2331,c
2332,src
2333,c
2334,onload
2335,function
2336,e
2337,amplitude
2338,runQueuedFunctions
2339,console
2340,log
2341,Amplitude
2342,Error
2343,could
2344,not
2345,load
2346,SDK
2347,var
2348,u
2349,t
2350,getElementsByTagName
2351,script
2352,u
2353,parentNode
2354,insertBefore
2355,c
2356,u
2357,for
2358,var
2359,l
2360,function
2361,return
2362,this
2363,q
2364,this
2365,p
2366,add
2367,append
2368,clearAll
2369,prepend
2370,set
2371,setOnce
2372,unset
2373,preInsert
2374,postInsert
2375,remove
2376,getUserProperties
2377,d
2378,d
2379,p
2380,length
2381,d
2382,n
2383,l
2384,p
2385,d
2386,r
2387,Identify
2388,l
2389,for
2390,var
2391,f
2392,function
2393,return
2394,this
2395,q
2396,this
2397,v
2398,getEventProperties
2399,setProductId
2400,setQuantity
2401,setPrice
2402,setRevenue
2403,setRevenueType
2404,setEventProperties
2405,y
2406,y
2407,v
2408,length
2409,y
2410,n
2411,f
2412,v
2413,y
2414,r
2415,Revenue
2416,f
2417,var
2418,m
2419,getDeviceId
2420,setDeviceId
2421,getSessionId
2422,setSessionId
2423,getUserId
2424,setUserId
2425,setOptOut
2426,setTransport
2427,reset
2428,extendSession
2429,g
2430,init
2431,add
2432,remove
2433,track
2434,logEvent
2435,identify
2436,groupIdentify
2437,setGroup
2438,revenue
2439,flush
2440,a
2441,r
2442,r
2443,createInstance
2444,function
2445,e
2446,return
2447,r
2448,iq
2449,e
2450,q
2451,a
2452,r
2453,iq
2454,e
2455,r
2456,iq
2457,e
2458,e
2459,amplitude
2460,r
2461,window
2462,document
2463,amplitude
2464,init
2465,d
2466,dcdfb
2467,e
2468,b
2469,a
2470,d
2471,f
2472,aa
2473,defaultTracking
2474,attribution
2475,true
2476,pageViews
2477,false
2478,sessions
2479,false
2480,formInteractions
2481,false
2482,fileDownloads
2483,false
2484,function
2485,w
2486,d
2487,s
2488,l
2489,i
2490,w
2491,l
2492,w
2493,l
2494,w
2495,l
2496,push
2497,gtm
2498,start
2499,new
2500,Date
2501,getTime
2502,event
2503,gtm
2504,js
2505,var
2506,f
2507,d
2508,getElementsByTagName
2509,s
2510,j
2511,d
2512,createElement
2513,s
2514,dl
2515,l
2516,dataLayer
2517,l
2518,l
2519,j
2520,async
2521,true
2522,j
2523,src
2524,window
2525,document
2526,script
2527,dataLayer
2528,GTM
2529,P
2530,J
2531,HJ
2532,Java
2533,Indoor
2534,Navigation
2535,yymmdd
2536,Java
2537,JavaScript
2538,Spring
2539,Framework
2540,React
2541,React
2542,Native
2543,Git
2544,Html
2545,CSS
2546,Node
2547,js
2548,MySQL
2549,SaaS
2550,UI
2551,UX
2552,Git
2553,Slack
2554,Notion
2555,SQL
2556,Tableau
2557,BI
2558,Pain
2559,Point
2560,HFT
2561,High
2562,Frequency
2563,Trading
2564,Web
2565,Rust
2566,Python
2567,Git
2568,Docker
2569,Kubernetes
2570,AWS
2571,DevOps
2572,Infra
2573,DevOps
2574,Infra
2575,DevOps
2576,DevOps
2577,Infra
2578,DB
2579,OOP
2580,DB
2581,AI
2582,A
2583,Z
2584,Data
2585,AI
2586,AI
2587,MSA
2588,MicroService
2589,Architecture
2590,DCIM
2591,IoT
2592,SDK
2593,DICOM
2594,Digital
2595,Imaging
2596,and
2597,Communication
2598,in
2599,Medicine
2600,X
2601,ray
2602,CT
2603,MRI
2604,RESTful
2605,API
2606,PACS
2607,B
2608,B
2609,SaaS
2610,B
2611,B
2612,SaaS
2613,Azure
2614,Function
2615,Virtual
2616,Machine
2617,Next
2618,js
2619,TypeScript
2620,React
2621,JavaScript
2622,FastAPI
2623,Python
2624,NoSQL
2625,MongoDB
2626,Azure
2627,Github
2628,JIRA
2629,Slack
2630,Confluence
2631,Optimium
2632,Graph
2633,Level
2634,Kernel
2635,level
2636,Runtime
2637,level
2638,Graph
2639,Level
2640,Graph
2641,Level
2642,AI
2643,convolution
2644,GEMM
2645,vectorization
2646,Quantization
2647,operation
2648,Operation
2649,fusion
2650,Reinforcement
2651,Learning
2652,Dynamic
2653,programming
2654,Optimium
2655,Multi
2656,device
2657,allocation
2658,Automatic
2659,mixed
2660,precision
2661,Time
2662,complexity
2663,Performance
2664,Auto
2665,Tuning
2666,LLM
2667,SLM
2668,AI
2669,Kubernetes
2670,Multi
2671,device
2672,Auto
2673,Tuning
2674,Database
2675,RAG
2676,RAG
2677,RFP
2678,Vector
2679,Database
2680,RAG
2681,Chunking
2682,LLM
2683,LLM
2684,GPT
2685,Gemini
2686,Claude
2687,Llama
2688,LLMs
2689,RAG
2690,C
2691,Linux
2692,Windows
2693,Application
2694,DevOps
2695,Kubernetes
2696,ArgoCD
2697,GitHub
2698,Action
2699,GitOps
2700,CI
2701,CD
2702,Terraform
2703,IaC
2704,Keycloak
2705,MSA
2706,Datadog
2707,Rust
2708,EtLT
2709,SaaS
2710,Web
2711,App
2712,Kubernetes
2713,Azure
2714,Cloud
2715,CI
2716,CD
2717,Kubernetes
2718,SaaS
2719,Web
2720,Application
2721,AI
2722,follow
2723,up
2724,ML
2725,Researcher
2726,ML
2727,Researcher
2728,NCP
2729,MSA
2730,Microservices
2731,Architecture
2732,CI
2733,CD
2734,Vision
2735,AIOps
2736,D
2737,Perception
2738,Object
2739,detection
2740,Instance
2741,segmentation
2742,Semantic
2743,segmentation
2744,Active
2745,Learning
2746,Uncertainty
2747,OOD
2748,LISA
2749,DataCAMP
2750,Vision
2751,AI
2752,Web
2753,App
2754,Serving
2755,Tuning
2756,AI
2757,AI
2758,feature
2759,TB
2760,TB
2761,NOSQL
2762,AI
2763,AI
2764,Triage
2765,AI
2766,SaaS
2767,AI
2768,SaaS
2769,On
2770,premises
2771,SaaS
2772,On
2773,premises
2774,AI
2775,Cloud
2776,SaaS
2777,Google
2778,Meet
2779,Google
2780,Meet
2781,Google
2782,Meet
2783,AI
2784,Frontend
2785,Backend
2786,Vue
2787,js
2788,SPA
2789,Frontend
2790,Back
2791,office
2792,Python
2793,Java
2794,Backend
2795,Docker
2796,MariaDB
2797,MongoDB
2798,LiDAR
2799,Perception
2800,Solution
2801,Web
2802,Perception
2803,Viewer
2804,Software
2805,LiDAR
2806,Perception
2807,Solution
2808,ZETIC
2809,MLange
2810,NPU
2811,C
2812,C
2813,Python
2814,Private
2815,Cloud
2816,PostgreSQL
2817,Mysql
2818,DLP
2819,NAC
2820,DB
2821,ISMS
2822,AWS
2823,AWS
2824,express
2825,nest
2826,js
2827,REST
2828,API
2829,GraphQL
2830,MySQL
2831,DynamoDB
2832,PostgreSQL
2833,Elasticsearch
2834,Next
2835,js
2836,Back
2837,Office
2838,SLAM
2839,Preferred
2840,Skills
2841,Multi
2842,view
2843,Geometry
2844,SLAM
2845,Simultaneous
2846,Localization
2847,and
2848,Mapping
2849,Multi
2850,view
2851,Stereo
2852,D
2853,Mesh
2854,Reconstruction
2855,Sensor
2856,Fusion
2857,Deep
2858,Learning
2859,for
2860,Computer
2861,Vision
2862,Gaussian
2863,Splatting
2864,NeRF
2865,D
2866,Scene
2867,Understanding
2868,QA
2869,AWS
2870,like
2871,DataMart
2872,GitHub
2873,issue
2874,issue
2875,DBSCAN
2876,OPTICS
2877,NDR
2878,EDR
2879,XDR
2880,Google
2881,Meet
2882,Google
2883,Meet
2884,Google
2885,Meet
2886,Computer
2887,Vision
2888,Radar
2889,Smartphone
2890,Image
2891,CCTV
2892,Image
2893,Industrial
2894,Image
2895,Vision
2896,task
2897,super
2898,resolution
2899,detection
2900,inpainting
2901,low
2902,lighting
2903,Task
2904,Constraint
2905,Quantization
2906,NAS
2907,Edge
2908,Device
2909,C
2910,C
2911,Python
2912,MCU
2913,FW
2914,C
2915,C
2916,Developing
2917,System
2918,On
2919,Chip
2920,SoC
2921,software
2922,functional
2923,features
2924,collaborating
2925,closely
2926,with
2927,hardware
2928,engineers
2929,and
2930,SoC
2931,architects
2932,Evaluating
2933,and
2934,verifying
2935,the
2936,functionality
2937,of
2938,a
2939,wide
2940,variety
2941,of
2942,embedded
2943,software
2944,and
2945,firmware
2946,stacks
2947,designed
2948,for
2949,RBLN
2950,NPU
2951,hardware
2952,accelerators
2953,Leveraging
2954,automation
2955,to
2956,create
2957,and
2958,enhance
2959,infrastructure
2960,provisioning
2961,and
2962,management
2963,Collaborating
2964,with
2965,QA
2966,Test
2967,architects
2968,to
2969,produce
2970,appropriate
2971,test
2972,tools
2973,and
2974,automation
2975,for
2976,qualifying
2977,the
2978,entire
2979,system
2980,software
2981,and
2982,firmware
2983,stack
2984,FE
2985,Next
2986,js
2987,Tailwind
2988,CSS
2989,ReactHookForm
2990,Zod
2991,shadcn
2992,ui
2993,TypeScript
2994,pnpm
2995,Storybook
2996,Vercel
2997,BE
2998,Supabase
2999,Supabase
3000,Edge
3001,Function
3002,PostgreSQL
3003,Cloudflare
3004,Images
3005,Cloudflare
3006,Workers
3007,App
3008,React
3009,Native
3010,WebView
3011,Tool
3012,Linear
3013,Slack
3014,Github
3015,VSCode
3016,SW
3017,GUI
3018,SW
3019,pc
3020,pc
3021,pc
3022,DevOps
3023,Validator
3024,Service
3025,Ethereum
3026,Aptos
3027,Rollup
3028,as
3029,a
3030,Service
3031,Polygon
3032,CDK
3033,L
3034,RaaS
3035,Incident
3036,Management
3037,Security
3038,Public
3039,goods
3040,Fullnode
3041,Indexer
3042,Explorer
3043,AI
3044,ML
3045,AI
3046,CPU
3047,GPU
3048,SW
3049,Solution
3050,QA
3051,SW
3052,Test
3053,Platform
3054,Script
3055,DBMS
3056,PD
3057,PD
3058,PD
3059,Job
3060,Description
3061,Business
3062,Business
3063,Digital
3064,Transformation
3065,Process
3066,Re
3067,design
3068,EAI
3069,SW
3070,Process
3071,Automation
3072,Application
3073,Platform
3074,Power
3075,BI
3076,Power
3077,Automate
3078,Power
3079,Apps
3080,Fabric
3081,AI
3082,NPU
3083,GPU
3084,AI
3085,Model
3086,quantization
3087,pruning
3088,tool
3089,Onnx
3090,runtime
3091,Tensor
3092,RT
3093,Tensorflow
3094,Lite
3095,CUDA
3096,C
3097,LLM
3098,Quantization
3099,Distillation
3100,AI
3101,AI
3102,API
3103,Github
3104,Repository
3105,URL
3106,Stable
3107,Diffusion
3108,C
3109,net
3110,Web
3111,React
3112,TypeScript
3113,css
3114,Express
3115,nestJS
3116,Spring
3117,Android
3118,DBA
3119,LiDAR
3120,API
3121,A
3122,Window
3123,Linux
3124,API
3125,B
3126,API
3127,A
3128,LiDAR
3129,B
3130,Interaction
3131,UI
3132,UX
3133,AUTOSAR
3134,MACL
3135,BSW
3136,ASW
3137,OTA
3138,ISO
3139,Cyber
3140,Security
3141,ASPICE
3142,Restful
3143,API
3144,Cloud
3145,AWS
3146,Object
3147,Detection
3148,Keypoints
3149,Detection
3150,C
3151,C
3152,C
3153,SW
3154,TCP
3155,IP
3156,UDP
3157,RS
3158,RS
3159,WPF
3160,GUI
3161,SW
3162,CBT
3163,MFC
3164,GUI
3165,SW
3166,C
3167,C
3168,S
3169,W
3170,Colley
3171,Forecaster
3172,Detection
3173,Fraud
3174,Detection
3175,n
3176,n
3177,Data
3178,Analyst
3179,n
3180,Data
3181,n
3182,Data
3183,Scentis
3184,n
3185,DATA
3186,n
3187,Data
3188,Engineer
3189,n
3190,DATA
3191,n
3192,n
3193,url
3194,hiringOrganization
3195,Organization
3196,name
3197,logo
3198,description
3199,n
3200,n
3201,n
3202,n
3203,AI
3204,IoT
3205,datePosted
3206,industry
3207,IT
3208,occupationalCategory
3209,validThrough
3210,employmentType
3211,jobLocation
3212,Place
3213,address
3214,PostalAddress
3215,streetAddress
3216,SKV
3217,Center
3218,addressRegion
3219,addressCountry
3220,experienceRequirements
3221,identifier
3222,PropertyValue
3223,propertyID
3224,baseSalary
3225,MonetaryAmount
3226,currency
3227,KRW
3228,value
3229,QuantitativeValue
3230,minValue
3231,maxValue
3232,unitText
3233,YEAR
3234,BreadcrumbList
3235,itemListElement
3236,ListItem
3237,position
3238,name
3239,item
3240,ListItem
3241,position
3242,name
3243,item
3244,ListItem
3245,position
3246,name
3247,item
3248,ListItem
3249,position
3250,name
3251,BreadcrumbList
3252,itemListElement
3253,ListItem
3254,position
3255,name
3256,item
3257,ListItem
3258,position
3259,name
3260,item
3261,tab
3262,company
3263,ListItem
3264,position
3265,name
3266,item
3267,ListItem
3268,position
3269,name
3270,function
3271,use
3272,strict
3273,function
3274,e
3275,t
3276,var
3277,r
3278,e
3279,amplitude
3280,q
3281,iq
3282,if
3283,r
3284,invoked
3285,e
3286,console
3287,console
3288,error
3289,console
3290,error
3291,Amplitude
3292,snippet
3293,has
3294,been
3295,loaded
3296,else
3297,var
3298,n
3299,function
3300,e
3301,t
3302,e
3303,prototype
3304,t
3305,function
3306,return
3307,this
3308,q
3309,push
3310,name
3311,t
3312,args
3313,arguments
3314,this
3315,s
3316,function
3317,e
3318,t
3319,r
3320,return
3321,function
3322,n
3323,e
3324,q
3325,push
3326,name
3327,t
3328,args
3329,r
3330,resolve
3331,n
3332,o
3333,function
3334,e
3335,t
3336,r
3337,e
3338,q
3339,push
3340,name
3341,t
3342,args
3343,r
3344,i
3345,function
3346,e
3347,t
3348,r
3349,e
3350,t
3351,function
3352,if
3353,r
3354,return
3355,promise
3356,new
3357,Promise
3358,s
3359,e
3360,t
3361,arguments
3362,o
3363,e
3364,t
3365,arguments
3366,a
3367,function
3368,e
3369,for
3370,var
3371,t
3372,t
3373,m
3374,length
3375,t
3376,i
3377,e
3378,m
3379,t
3380,for
3381,var
3382,r
3383,r
3384,g
3385,length
3386,r
3387,i
3388,e
3389,g
3390,r
3391,r
3392,invoked
3393,var
3394,c
3395,t
3396,createElement
3397,script
3398,c
3399,type
3400,text
3401,javascript
3402,c
3403,integrity
3404,sha
3405,BWw
3406,N
3407,aN
3408,SdxZuwmRR
3409,StXCLA
3410,Bre
3411,jR
3412,bJt
3413,pM
3414,IqONNALC
3415,rf
3416,NkWMTyta
3417,c
3418,crossOrigin
3419,anonymous
3420,c
3421,async
3422,c
3423,src
3424,c
3425,onload
3426,function
3427,e
3428,amplitude
3429,runQueuedFunctions
3430,console
3431,log
3432,Amplitude
3433,Error
3434,could
3435,not
3436,load
3437,SDK
3438,var
3439,u
3440,t
3441,getElementsByTagName
3442,script
3443,u
3444,parentNode
3445,insertBefore
3446,c
3447,u
3448,for
3449,var
3450,l
3451,function
3452,return
3453,this
3454,q
3455,this
3456,p
3457,add
3458,append
3459,clearAll
3460,prepend
3461,set
3462,setOnce
3463,unset
3464,preInsert
3465,postInsert
3466,remove
3467,getUserProperties
3468,d
3469,d
3470,p
3471,length
3472,d
3473,n
3474,l
3475,p
3476,d
3477,r
3478,Identify
3479,l
3480,for
3481,var
3482,f
3483,function
3484,return
3485,this
3486,q
3487,this
3488,v
3489,getEventProperties
3490,setProductId
3491,setQuantity
3492,setPrice
3493,setRevenue
3494,setRevenueType
3495,setEventProperties
3496,y
3497,y
3498,v
3499,length
3500,y
3501,n
3502,f
3503,v
3504,y
3505,r
3506,Revenue
3507,f
3508,var
3509,m
3510,getDeviceId
3511,setDeviceId
3512,getSessionId
3513,setSessionId
3514,getUserId
3515,setUserId
3516,setOptOut
3517,setTransport
3518,reset
3519,extendSession
3520,g
3521,init
3522,add
3523,remove
3524,track
3525,logEvent
3526,identify
3527,groupIdentify
3528,setGroup
3529,revenue
3530,flush
3531,a
3532,r
3533,r
3534,createInstance
3535,function
3536,e
3537,return
3538,r
3539,iq
3540,e
3541,q
3542,a
3543,r
3544,iq
3545,e
3546,r
3547,iq
3548,e
3549,e
3550,amplitude
3551,r
3552,window
3553,document
3554,amplitude
3555,init
3556,d
3557,dcdfb
3558,e
3559,b
3560,a
3561,d
3562,f
3563,aa
3564,defaultTracking
3565,attribution
3566,true
3567,pageViews
3568,false
3569,sessions
3570,false
3571,formInteractions
3572,false
3573,fileDownloads
3574,false
3575,function
3576,w
3577,d
3578,s
3579,l
3580,i
3581,w
3582,l
3583,w
3584,l
3585,w
3586,l
3587,push
3588,gtm
3589,start
3590,new
3591,Date
3592,getTime
3593,event
3594,gtm
3595,js
3596,var
3597,f
3598,d
3599,getElementsByTagName
3600,s
3601,j
3602,d
3603,createElement
3604,s
3605,dl
3606,l
3607,dataLayer
3608,l
3609,l
3610,j
3611,async
3612,true
3613,j
3614,src
3615,window
3616,document
3617,script
3618,dataLayer
3619,GTM
3620,P
3621,J
3622,HJ
3623,Indoor
3624,Navigation
3625,yymmdd
3626,React
3627,React
3628,Native
3629,Java
3630,JavaScript
3631,Python
3632,Spring
3633,Framework
3634,AWS
3635,Git
3636,PHP
3637,Data
3638,Analyst
3639,Data
3640,Data
3641,Scentis
3642,DATA
3643,Data
3644,Engineer
3645,DATA
3646,UI
3647,DB
3648,DB
3649,DB
3650,Schema
3651,Tech
3652,Stack
3653,TC
3654,iOS
3655,AOS
3656,Hand
3657,over
3658,Re
3659,Identification
3660,Scene
3661,Action
3662,Event
3663,Detecting
3664,Recognition
3665,Swift
3666,iOS
3667,App
3668,VLLO
3669,WEILO
3670,VLLO
3671,Family
3672,VLLO
3673,WEILO
3674,Proprietary
3675,AI
3676,compiler
3677,Optima
3678,runtime
3679,device
3680,communication
3681,interface
3682,ssh
3683,adb
3684,tcp
3685,ip
3686,packet
3687,RPC
3688,parallel
3689,programming
3690,multithread
3691,programming
3692,GPU
3693,binding
3694,vulkan
3695,spir
3696,V
3697,XNNPack
3698,api
3699,memory
3700,planning
3701,execution
3702,scheduling
3703,web
3704,backend
3705,tool
3706,Optima
3707,application
3708,Flutter
3709,Android
3710,iOS
3711,Web
3712,Vector
3713,CAPL
3714,Vector
3715,HIL
3716,DeFi
3717,DApp
3718,API
3719,C
3720,Windows
3721,React
3722,Three
3723,Fiber
3724,Three
3725,js
3726,WebGL
3727,GLSL
3728,D
3729,ASP
3730,Java
3731,Spring
3732,Javascript
3733,Typescript
3734,React
3735,HTML
3736,CSS
3737,Nginx
3738,MS
3739,SQL
3740,R
3741,D
3742,RA
3743,PM
3744,Power
3745,BI
3746,TDD
3747,DMA
3748,C
3749,gcc
3750,msvc
3751,Python
3752,Qt
3753,DB
3754,MongoDB
3755,HDF
3756,Git
3757,Jira
3758,Notion
3759,arm
3760,cortex
3761,n
3762,url
3763,hiringOrganization
3764,Organization
3765,name
3766,logo
3767,description
3768,IoT
3769,SoundCast
3770,Miclo
3771,n
3772,datePosted
3773,industry
3774,IT
3775,occupationalCategory
3776,C
3777,C
3778,employmentType
3779,jobLocation
3780,Place
3781,address
3782,PostalAddress
3783,streetAddress
3784,addressLocality
3785,addressRegion
3786,addressCountry
3787,experienceRequirements
3788,identifier
3789,PropertyValue
3790,propertyID
3791,baseSalary
3792,MonetaryAmount
3793,currency
3794,KRW
3795,value
3796,QuantitativeValue
3797,minValue
3798,maxValue
3799,unitText
3800,YEAR
3801,BreadcrumbList
3802,itemListElement
3803,ListItem
3804,position
3805,name
3806,item
3807,ListItem
3808,position
3809,name
3810,item
3811,ListItem
3812,position
3813,name
3814,item
3815,ListItem
3816,position
3817,name
3818,Embedded
3819,PART
3820,BreadcrumbList
3821,itemListElement
3822,ListItem
3823,position
3824,name
3825,item
3826,ListItem
3827,position
3828,name
3829,item
3830,tab
3831,company
3832,ListItem
3833,position
3834,name
3835,item
3836,ListItem
3837,position
3838,name
3839,Embedded
3840,PART
3841,function
3842,use
3843,strict
3844,function
3845,e
3846,t
3847,var
3848,r
3849,e
3850,amplitude
3851,q
3852,iq
3853,if
3854,r
3855,invoked
3856,e
3857,console
3858,console
3859,error
3860,console
3861,error
3862,Amplitude
3863,snippet
3864,has
3865,been
3866,loaded
3867,else
3868,var
3869,n
3870,function
3871,e
3872,t
3873,e
3874,prototype
3875,t
3876,function
3877,return
3878,this
3879,q
3880,push
3881,name
3882,t
3883,args
3884,arguments
3885,this
3886,s
3887,function
3888,e
3889,t
3890,r
3891,return
3892,function
3893,n
3894,e
3895,q
3896,push
3897,name
3898,t
3899,args
3900,r
3901,resolve
3902,n
3903,o
3904,function
3905,e
3906,t
3907,r
3908,e
3909,q
3910,push
3911,name
3912,t
3913,args
3914,r
3915,i
3916,function
3917,e
3918,t
3919,r
3920,e
3921,t
3922,function
3923,if
3924,r
3925,return
3926,promise
3927,new
3928,Promise
3929,s
3930,e
3931,t
3932,arguments
3933,o
3934,e
3935,t
3936,arguments
3937,a
3938,function
3939,e
3940,for
3941,var
3942,t
3943,t
3944,m
3945,length
3946,t
3947,i
3948,e
3949,m
3950,t
3951,for
3952,var
3953,r
3954,r
3955,g
3956,length
3957,r
3958,i
3959,e
3960,g
3961,r
3962,r
3963,invoked
3964,var
3965,c
3966,t
3967,createElement
3968,script
3969,c
3970,type
3971,text
3972,javascript
3973,c
3974,integrity
3975,sha
3976,BWw
3977,N
3978,aN
3979,SdxZuwmRR
3980,StXCLA
3981,Bre
3982,jR
3983,bJt
3984,pM
3985,IqONNALC
3986,rf
3987,NkWMTyta
3988,c
3989,crossOrigin
3990,anonymous
3991,c
3992,async
3993,c
3994,src
3995,c
3996,onload
3997,function
3998,e
3999,amplitude
4000,runQueuedFunctions
4001,console
4002,log
4003,Amplitude
4004,Error
4005,could
4006,not
4007,load
4008,SDK
4009,var
4010,u
4011,t
4012,getElementsByTagName
4013,script
4014,u
4015,parentNode
4016,insertBefore
4017,c
4018,u
4019,for
4020,var
4021,l
4022,function
4023,return
4024,this
4025,q
4026,this
4027,p
4028,add
4029,append
4030,clearAll
4031,prepend
4032,set
4033,setOnce
4034,unset
4035,preInsert
4036,postInsert
4037,remove
4038,getUserProperties
4039,d
4040,d
4041,p
4042,length
4043,d
4044,n
4045,l
4046,p
4047,d
4048,r
4049,Identify
4050,l
4051,for
4052,var
4053,f
4054,function
4055,return
4056,this
4057,q
4058,this
4059,v
4060,getEventProperties
4061,setProductId
4062,setQuantity
4063,setPrice
4064,setRevenue
4065,setRevenueType
4066,setEventProperties
4067,y
4068,y
4069,v
4070,length
4071,y
4072,n
4073,f
4074,v
4075,y
4076,r
4077,Revenue
4078,f
4079,var
4080,m
4081,getDeviceId
4082,setDeviceId
4083,getSessionId
4084,setSessionId
4085,getUserId
4086,setUserId
4087,setOptOut
4088,setTransport
4089,reset
4090,extendSession
4091,g
4092,init
4093,add
4094,remove
4095,track
4096,logEvent
4097,identify
4098,groupIdentify
4099,setGroup
4100,revenue
4101,flush
4102,a
4103,r
4104,r
4105,createInstance
4106,function
4107,e
4108,return
4109,r
4110,iq
4111,e
4112,q
4113,a
4114,r
4115,iq
4116,e
4117,r
4118,iq
4119,e
4120,e
4121,amplitude
4122,r
4123,window
4124,document
4125,amplitude
4126,init
4127,d
4128,dcdfb
4129,e
4130,b
4131,a
4132,d
4133,f
4134,aa
4135,defaultTracking
4136,attribution
4137,true
4138,pageViews
4139,false
4140,sessions
4141,false
4142,formInteractions
4143,false
4144,fileDownloads
4145,false
4146,function
4147,w
4148,d
4149,s
4150,l
4151,i
4152,w
4153,l
4154,w
4155,l
4156,w
4157,l
4158,push
4159,gtm
4160,start
4161,new
4162,Date
4163,getTime
4164,event
4165,gtm
4166,js
4167,var
4168,f
4169,d
4170,getElementsByTagName
4171,s
4172,j
4173,d
4174,createElement
4175,s
4176,dl
4177,l
4178,dataLayer
4179,l
4180,l
4181,j
4182,async
4183,true
4184,j
4185,src
4186,window
4187,document
4188,script
4189,dataLayer
4190,GTM
4191,P
4192,J
4193,HJ
4194,Embedded
4195,PART
4196,IoT
4197,SoundCast
4198,Miclo
4199,arm
4200,cortex
4201,AI
4202,ML
4203,WSI
4204,classification
4205,Segmentation
4206,Detection
4207,Classification
4208,QA
4209,TC
4210,TC
4211,QA
4212,Agent
4213,Engineer
4214,SOMMA
4215,Monster
4216,Agent
4217,Engineer
4218,Monster
4219,n
4220,n
4221,n
4222,n
4223,n
4224,PHP
4225,MySQL
4226,Git
4227,AWS
4228,Firebase
4229,sentry
4230,n
4231,n
4232,n
4233,url
4234,hiringOrganization
4235,Organization
4236,name
4237,logo
4238,description
4239,CMG
4240,SAPENet
4241,n
4242,n
4243,n
4244,nSAPENet
4245,n
4246,n
4247,n
4248,n
4249,n
4250,nSAPENet
4251,n
4252,n
4253,SAPENet
4254,n
4255,n
4256,nSAPENet
4257,n
4258,n
4259,n
4260,n
4261,n
4262,n
4263,datePosted
4264,industry
4265,IT
4266,occupationalCategory
4267,PHP
4268,employmentType
4269,jobLocation
4270,Place
4271,address
4272,PostalAddress
4273,streetAddress
4274,addressLocality
4275,addressRegion
4276,addressCountry
4277,experienceRequirements
4278,identifier
4279,PropertyValue
4280,propertyID
4281,baseSalary
4282,MonetaryAmount
4283,currency
4284,KRW
4285,value
4286,QuantitativeValue
4287,minValue
4288,maxValue
4289,unitText
4290,YEAR
4291,BreadcrumbList
4292,itemListElement
4293,ListItem
4294,position
4295,name
4296,item
4297,ListItem
4298,position
4299,name
4300,item
4301,ListItem
4302,position
4303,name
4304,item
4305,ListItem
4306,position
4307,name
4308,APP
4309,WEB
4310,PHP
4311,BreadcrumbList
4312,itemListElement
4313,ListItem
4314,position
4315,name
4316,item
4317,ListItem
4318,position
4319,name
4320,item
4321,tab
4322,company
4323,ListItem
4324,position
4325,name
4326,item
4327,ListItem
4328,position
4329,name
4330,APP
4331,WEB
4332,PHP
4333,function
4334,use
4335,strict
4336,function
4337,e
4338,t
4339,var
4340,r
4341,e
4342,amplitude
4343,q
4344,iq
4345,if
4346,r
4347,invoked
4348,e
4349,console
4350,console
4351,error
4352,console
4353,error
4354,Amplitude
4355,snippet
4356,has
4357,been
4358,loaded
4359,else
4360,var
4361,n
4362,function
4363,e
4364,t
4365,e
4366,prototype
4367,t
4368,function
4369,return
4370,this
4371,q
4372,push
4373,name
4374,t
4375,args
4376,arguments
4377,this
4378,s
4379,function
4380,e
4381,t
4382,r
4383,return
4384,function
4385,n
4386,e
4387,q
4388,push
4389,name
4390,t
4391,args
4392,r
4393,resolve
4394,n
4395,o
4396,function
4397,e
4398,t
4399,r
4400,e
4401,q
4402,push
4403,name
4404,t
4405,args
4406,r
4407,i
4408,function
4409,e
4410,t
4411,r
4412,e
4413,t
4414,function
4415,if
4416,r
4417,return
4418,promise
4419,new
4420,Promise
4421,s
4422,e
4423,t
4424,arguments
4425,o
4426,e
4427,t
4428,arguments
4429,a
4430,function
4431,e
4432,for
4433,var
4434,t
4435,t
4436,m
4437,length
4438,t
4439,i
4440,e
4441,m
4442,t
4443,for
4444,var
4445,r
4446,r
4447,g
4448,length
4449,r
4450,i
4451,e
4452,g
4453,r
4454,r
4455,invoked
4456,var
4457,c
4458,t
4459,createElement
4460,script
4461,c
4462,type
4463,text
4464,javascript
4465,c
4466,integrity
4467,sha
4468,BWw
4469,N
4470,aN
4471,SdxZuwmRR
4472,StXCLA
4473,Bre
4474,jR
4475,bJt
4476,pM
4477,IqONNALC
4478,rf
4479,NkWMTyta
4480,c
4481,crossOrigin
4482,anonymous
4483,c
4484,async
4485,c
4486,src
4487,c
4488,onload
4489,function
4490,e
4491,amplitude
4492,runQueuedFunctions
4493,console
4494,log
4495,Amplitude
4496,Error
4497,could
4498,not
4499,load
4500,SDK
4501,var
4502,u
4503,t
4504,getElementsByTagName
4505,script
4506,u
4507,parentNode
4508,insertBefore
4509,c
4510,u
4511,for
4512,var
4513,l
4514,function
4515,return
4516,this
4517,q
4518,this
4519,p
4520,add
4521,append
4522,clearAll
4523,prepend
4524,set
4525,setOnce
4526,unset
4527,preInsert
4528,postInsert
4529,remove
4530,getUserProperties
4531,d
4532,d
4533,p
4534,length
4535,d
4536,n
4537,l
4538,p
4539,d
4540,r
4541,Identify
4542,l
4543,for
4544,var
4545,f
4546,function
4547,return
4548,this
4549,q
4550,this
4551,v
4552,getEventProperties
4553,setProductId
4554,setQuantity
4555,setPrice
4556,setRevenue
4557,setRevenueType
4558,setEventProperties
4559,y
4560,y
4561,v
4562,length
4563,y
4564,n
4565,f
4566,v
4567,y
4568,r
4569,Revenue
4570,f
4571,var
4572,m
4573,getDeviceId
4574,setDeviceId
4575,getSessionId
4576,setSessionId
4577,getUserId
4578,setUserId
4579,setOptOut
4580,setTransport
4581,reset
4582,extendSession
4583,g
4584,init
4585,add
4586,remove
4587,track
4588,logEvent
4589,identify
4590,groupIdentify
4591,setGroup
4592,revenue
4593,flush
4594,a
4595,r
4596,r
4597,createInstance
4598,function
4599,e
4600,return
4601,r
4602,iq
4603,e
4604,q
4605,a
4606,r
4607,iq
4608,e
4609,r
4610,iq
4611,e
4612,e
4613,amplitude
4614,r
4615,window
4616,document
4617,amplitude
4618,init
4619,d
4620,dcdfb
4621,e
4622,b
4623,a
4624,d
4625,f
4626,aa
4627,defaultTracking
4628,attribution
4629,true
4630,pageViews
4631,false
4632,sessions
4633,false
4634,formInteractions
4635,false
4636,fileDownloads
4637,false
4638,function
4639,w
4640,d
4641,s
4642,l
4643,i
4644,w
4645,l
4646,w
4647,l
4648,w
4649,l
4650,push
4651,gtm
4652,start
4653,new
4654,Date
4655,getTime
4656,event
4657,gtm
4658,js
4659,var
4660,f
4661,d
4662,getElementsByTagName
4663,s
4664,j
4665,d
4666,createElement
4667,s
4668,dl
4669,l
4670,dataLayer
4671,l
4672,l
4673,j
4674,async
4675,true
4676,j
4677,src
4678,window
4679,document
4680,script
4681,dataLayer
4682,GTM
4683,P
4684,J
4685,HJ
4686,APP
4687,WEB
4688,PHP
4689,PHP
4690,MySQL
4691,Git
4692,AWS
4693,Firebase
4694,sentry
4695,AI
4696,Researcher
4697,Engineer
4698,AI
4699,Quantization
4700,Pruning
4701,HW
4702,MSA
4703,AWS
4704,Jenkins
4705,k
4706,s
4707,argo
4708,teraform
4709,helm
4710,elastic
4711,search
4712,datadog
4713,prometheus
4714,Kotlin
4715,Android
4716,Application
4717,Coroutines
4718,Flow
4719,Jetpack
4720,ViewModel
4721,LiveData
4722,Room
4723,IT
4724,IT
4725,Pre
4726,Sales
4727,Pipeline
4728,Project
4729,Microsoft
4730,License
4731,Microsoft
4732,SPLA
4733,Azure
4734,Office
4735,Technology
4736,Microsoft
4737,express
4738,nest
4739,js
4740,REST
4741,API
4742,GraphQL
4743,MySQL
4744,DynamoDB
4745,PostgreSQL
4746,Elasticsearch
4747,AWS
4748,n
4749,n
4750,n
4751,n
4752,API
4753,n
4754,n
4755,n
4756,n
4757,n
4758,C
4759,NET
4760,Core
4761,EF
4762,Core
4763,NET
4764,Framework
4765,n
4766,React
4767,js
4768,vanilla
4769,js
4770,n
4771,SQL
4772,Server
4773,n
4774,Microsoft
4775,Azure
4776,AWS
4777,n
4778,CI
4779,CD
4780,Azure
4781,DevOps
4782,n
4783,BitBucket
4784,GIT
4785,n
4786,Jira
4787,Confluence
4788,Notion
4789,Slack
4790,n
4791,n
4792,n
4793,n
4794,n
4795,CDP
4796,Customer
4797,Data
4798,Platform
4799,n
4800,n
4801,SaaS
4802,Open
4803,API
4804,Open
4805,Platform
4806,n
4807,n
4808,NPO
4809,Multi
4810,Tenant
4811,n
4812,n
4813,n
4814,n
4815,n
4816,n
4817,n
4818,n
4819,n
4820,DevOps
4821,Azure
4822,DevOps
4823,n
4824,n
4825,n
4826,n
4827,n
4828,n
4829,url
4830,hiringOrganization
4831,Organization
4832,name
4833,logo
4834,description
4835,n
4836,n
4837,n
4838,Brictoworks
4839,CDP
4840,Customer
4841,Data
4842,Platform
4843,n
4844,n
4845,Donus
4846,Donors
4847,Trust
4848,SaaS
4849,n
4850,n
4851,n
4852,n
4853,n
4854,n
4855,Awaken
4856,Your
4857,Potential
4858,to
4859,Impact
4860,the
4861,World
4862,n
4863,n
4864,Crevisse
4865,n
4866,n
4867,Companies
4868,n
4869,Affiliates
4870,n
4871,Investments
4872,datePosted
4873,industry
4874,IT
4875,occupationalCategory
4876,NET
4877,employmentType
4878,jobLocation
4879,Place
4880,address
4881,PostalAddress
4882,streetAddress
4883,addressLocality
4884,addressRegion
4885,addressCountry
4886,experienceRequirements
4887,jobLocationType
4888,TELECOMMUTE
4889,applicantLocationRequirements
4890,Country
4891,name
4892,identifier
4893,PropertyValue
4894,propertyID
4895,baseSalary
4896,MonetaryAmount
4897,currency
4898,KRW
4899,value
4900,QuantitativeValue
4901,minValue
4902,maxValue
4903,unitText
4904,YEAR
4905,BreadcrumbList
4906,itemListElement
4907,ListItem
4908,position
4909,name
4910,item
4911,ListItem
4912,position
4913,name
4914,item
4915,ListItem
4916,position
4917,name
4918,NET
4919,item
4920,ListItem
4921,position
4922,name
4923,SaaS
4924,BreadcrumbList
4925,itemListElement
4926,ListItem
4927,position
4928,name
4929,item
4930,ListItem
4931,position
4932,name
4933,item
4934,tab
4935,company
4936,ListItem
4937,position
4938,name
4939,item
4940,ListItem
4941,position
4942,name
4943,SaaS
4944,function
4945,use
4946,strict
4947,function
4948,e
4949,t
4950,var
4951,r
4952,e
4953,amplitude
4954,q
4955,iq
4956,if
4957,r
4958,invoked
4959,e
4960,console
4961,console
4962,error
4963,console
4964,error
4965,Amplitude
4966,snippet
4967,has
4968,been
4969,loaded
4970,else
4971,var
4972,n
4973,function
4974,e
4975,t
4976,e
4977,prototype
4978,t
4979,function
4980,return
4981,this
4982,q
4983,push
4984,name
4985,t
4986,args
4987,arguments
4988,this
4989,s
4990,function
4991,e
4992,t
4993,r
4994,return
4995,function
4996,n
4997,e
4998,q
4999,push
5000,name
5001,t
5002,args
5003,r
5004,resolve
5005,n
5006,o
5007,function
5008,e
5009,t
5010,r
5011,e
5012,q
5013,push
5014,name
5015,t
5016,args
5017,r
5018,i
5019,function
5020,e
5021,t
5022,r
5023,e
5024,t
5025,function
5026,if
5027,r
5028,return
5029,promise
5030,new
5031,Promise
5032,s
5033,e
5034,t
5035,arguments
5036,o
5037,e
5038,t
5039,arguments
5040,a
5041,function
5042,e
5043,for
5044,var
5045,t
5046,t
5047,m
5048,length
5049,t
5050,i
5051,e
5052,m
5053,t
5054,for
5055,var
5056,r
5057,r
5058,g
5059,length
5060,r
5061,i
5062,e
5063,g
5064,r
5065,r
5066,invoked
5067,var
5068,c
5069,t
5070,createElement
5071,script
5072,c
5073,type
5074,text
5075,javascript
5076,c
5077,integrity
5078,sha
5079,BWw
5080,N
5081,aN
5082,SdxZuwmRR
5083,StXCLA
5084,Bre
5085,jR
5086,bJt
5087,pM
5088,IqONNALC
5089,rf
5090,NkWMTyta
5091,c
5092,crossOrigin
5093,anonymous
5094,c
5095,async
5096,c
5097,src
5098,c
5099,onload
5100,function
5101,e
5102,amplitude
5103,runQueuedFunctions
5104,console
5105,log
5106,Amplitude
5107,Error
5108,could
5109,not
5110,load
5111,SDK
5112,var
5113,u
5114,t
5115,getElementsByTagName
5116,script
5117,u
5118,parentNode
5119,insertBefore
5120,c
5121,u
5122,for
5123,var
5124,l
5125,function
5126,return
5127,this
5128,q
5129,this
5130,p
5131,add
5132,append
5133,clearAll
5134,prepend
5135,set
5136,setOnce
5137,unset
5138,preInsert
5139,postInsert
5140,remove
5141,getUserProperties
5142,d
5143,d
5144,p
5145,length
5146,d
5147,n
5148,l
5149,p
5150,d
5151,r
5152,Identify
5153,l
5154,for
5155,var
5156,f
5157,function
5158,return
5159,this
5160,q
5161,this
5162,v
5163,getEventProperties
5164,setProductId
5165,setQuantity
5166,setPrice
5167,setRevenue
5168,setRevenueType
5169,setEventProperties
5170,y
5171,y
5172,v
5173,length
5174,y
5175,n
5176,f
5177,v
5178,y
5179,r
5180,Revenue
5181,f
5182,var
5183,m
5184,getDeviceId
5185,setDeviceId
5186,getSessionId
5187,setSessionId
5188,getUserId
5189,setUserId
5190,setOptOut
5191,setTransport
5192,reset
5193,extendSession
5194,g
5195,init
5196,add
5197,remove
5198,track
5199,logEvent
5200,identify
5201,groupIdentify
5202,setGroup
5203,revenue
5204,flush
5205,a
5206,r
5207,r
5208,createInstance
5209,function
5210,e
5211,return
5212,r
5213,iq
5214,e
5215,q
5216,a
5217,r
5218,iq
5219,e
5220,r
5221,iq
5222,e
5223,e
5224,amplitude
5225,r
5226,window
5227,document
5228,amplitude
5229,init
5230,d
5231,dcdfb
5232,e
5233,b
5234,a
5235,d
5236,f
5237,aa
5238,defaultTracking
5239,attribution
5240,true
5241,pageViews
5242,false
5243,sessions
5244,false
5245,formInteractions
5246,false
5247,fileDownloads
5248,false
5249,function
5250,w
5251,d
5252,s
5253,l
5254,i
5255,w
5256,l
5257,w
5258,l
5259,w
5260,l
5261,push
5262,gtm
5263,start
5264,new
5265,Date
5266,getTime
5267,event
5268,gtm
5269,js
5270,var
5271,f
5272,d
5273,getElementsByTagName
5274,s
5275,j
5276,d
5277,createElement
5278,s
5279,dl
5280,l
5281,dataLayer
5282,l
5283,l
5284,j
5285,async
5286,true
5287,j
5288,src
5289,window
5290,document
5291,script
5292,dataLayer
5293,GTM
5294,P
5295,J
5296,HJ
5297,SaaS
5298,Brictoworks
5299,Donus
5300,Donors
5301,Trust
5302,CRM
5303,Customer
5304,Relationship
5305,Management
5306,SaaS
5307,Crevisse
5308,API
5309,C
5310,NET
5311,Core
5312,EF
5313,Core
5314,NET
5315,Framework
5316,React
5317,js
5318,vanilla
5319,js
5320,SQL
5321,Server
5322,Microsoft
5323,Azure
5324,AWS
5325,CI
5326,CD
5327,Azure
5328,DevOps
5329,BitBucket
5330,GIT
5331,Jira
5332,Confluence
5333,Notion
5334,Slack
5335,CDP
5336,Customer
5337,Data
5338,Platform
5339,SaaS
5340,Open
5341,API
5342,Open
5343,Platform
5344,NPO
5345,Multi
5346,Tenant
5347,DevOps
5348,Azure
5349,DevOps
5350,PD
5351,PD
5352,PD
5353,Clear
5354,identification
5355,of
5356,customer
5357,requirements
5358,Collaboration
5359,with
5360,Vietnam
5361,Offshore
5362,team
5363,to
5364,fulfill
5365,customer
5366,requirements
5367,Effective
5368,communication
5369,with
5370,stakeholders
5371,Discuss
5372,and
5373,negotiate
5374,with
5375,stakeholders
5376,development
5377,plans
5378,design
5379,technical
5380,issues
5381,etc
5382,Monitoring
5383,and
5384,quality
5385,control
5386,report
5387,writing
5388,CAE
5389,S
5390,W
5391,FDM
5392,or
5393,FVM
5394,S
5395,W
5396,CCCP
5397,Relayer
5398,BIFROST
5399,DApp
5400,DApp
5401,Application
5402,SW
5403,SW
5404,SiLS
5405,HiLS
5406,CUBRID
5407,DBMS
5408,DBMS
5409,DBMS
5410,ML
5411,TIPS
5412,AI
5413,App
5414,Web
5415,FDA
5416,DW
5417,RxSwift
5418,ReactorKit
5419,SwiftUI
5420,TCA
5421,iOS
5422,Tuist
5423,Fastlane
5424,SwiftLint
5425,XcodeCloud
5426,IoT
5427,IoT
5428,WiFi
5429,BLE
5430,IoT
5431,ICD
5432,ISMS
5433,P
5434,MES
5435,Android
5436,App
5437,System
5438,App
5439,Native
5440,App
5441,Android
5442,Automotive
5443,O
5444,S
5445,Framework
5446,Android
5447,O
5448,S
5449,Framework
5450,Spring
5451,Back
5452,end
5453,ISO
5454,ISMS
5455,P
5456,CSAP
5457,B
5458,B
5459,n
5460,t
5461,t
5462,Geometric
5463,Algorithm
5464,Machine
5465,Learning
5466,Algorithm
5467,n
5468,t
5469,t
5470,n
5471,t
5472,t
5473,n
5474,t
5475,t
5476,url
5477,hiringOrganization
5478,Organization
5479,name
5480,logo
5481,description
5482,spartial
5483,AI
5484,Geometry
5485,Algorithm
5486,D
5487,D
5488,B
5489,B
5490,datePosted
5491,industry
5492,IT
5493,occupationalCategory
5494,C
5495,C
5496,validThrough
5497,employmentType
5498,jobLocation
5499,Place
5500,address
5501,PostalAddress
5502,streetAddress
5503,addressRegion
5504,addressCountry
5505,experienceRequirements
5506,identifier
5507,PropertyValue
5508,propertyID
5509,baseSalary
5510,MonetaryAmount
5511,currency
5512,KRW
5513,value
5514,QuantitativeValue
5515,minValue
5516,maxValue
5517,unitText
5518,YEAR
5519,BreadcrumbList
5520,itemListElement
5521,ListItem
5522,position
5523,name
5524,item
5525,ListItem
5526,position
5527,name
5528,item
5529,ListItem
5530,position
5531,name
5532,item
5533,ListItem
5534,position
5535,name
5536,Geometric
5537,Machine
5538,Learning
5539,Algorithm
5540,BreadcrumbList
5541,itemListElement
5542,ListItem
5543,position
5544,name
5545,item
5546,ListItem
5547,position
5548,name
5549,item
5550,tab
5551,company
5552,ListItem
5553,position
5554,name
5555,item
5556,ListItem
5557,position
5558,name
5559,Geometric
5560,Machine
5561,Learning
5562,Algorithm
5563,function
5564,use
5565,strict
5566,function
5567,e
5568,t
5569,var
5570,r
5571,e
5572,amplitude
5573,q
5574,iq
5575,if
5576,r
5577,invoked
5578,e
5579,console
5580,console
5581,error
5582,console
5583,error
5584,Amplitude
5585,snippet
5586,has
5587,been
5588,loaded
5589,else
5590,var
5591,n
5592,function
5593,e
5594,t
5595,e
5596,prototype
5597,t
5598,function
5599,return
5600,this
5601,q
5602,push
5603,name
5604,t
5605,args
5606,arguments
5607,this
5608,s
5609,function
5610,e
5611,t
5612,r
5613,return
5614,function
5615,n
5616,e
5617,q
5618,push
5619,name
5620,t
5621,args
5622,r
5623,resolve
5624,n
5625,o
5626,function
5627,e
5628,t
5629,r
5630,e
5631,q
5632,push
5633,name
5634,t
5635,args
5636,r
5637,i
5638,function
5639,e
5640,t
5641,r
5642,e
5643,t
5644,function
5645,if
5646,r
5647,return
5648,promise
5649,new
5650,Promise
5651,s
5652,e
5653,t
5654,arguments
5655,o
5656,e
5657,t
5658,arguments
5659,a
5660,function
5661,e
5662,for
5663,var
5664,t
5665,t
5666,m
5667,length
5668,t
5669,i
5670,e
5671,m
5672,t
5673,for
5674,var
5675,r
5676,r
5677,g
5678,length
5679,r
5680,i
5681,e
5682,g
5683,r
5684,r
5685,invoked
5686,var
5687,c
5688,t
5689,createElement
5690,script
5691,c
5692,type
5693,text
5694,javascript
5695,c
5696,integrity
5697,sha
5698,BWw
5699,N
5700,aN
5701,SdxZuwmRR
5702,StXCLA
5703,Bre
5704,jR
5705,bJt
5706,pM
5707,IqONNALC
5708,rf
5709,NkWMTyta
5710,c
5711,crossOrigin
5712,anonymous
5713,c
5714,async
5715,c
5716,src
5717,c
5718,onload
5719,function
5720,e
5721,amplitude
5722,runQueuedFunctions
5723,console
5724,log
5725,Amplitude
5726,Error
5727,could
5728,not
5729,load
5730,SDK
5731,var
5732,u
5733,t
5734,getElementsByTagName
5735,script
5736,u
5737,parentNode
5738,insertBefore
5739,c
5740,u
5741,for
5742,var
5743,l
5744,function
5745,return
5746,this
5747,q
5748,this
5749,p
5750,add
5751,append
5752,clearAll
5753,prepend
5754,set
5755,setOnce
5756,unset
5757,preInsert
5758,postInsert
5759,remove
5760,getUserProperties
5761,d
5762,d
5763,p
5764,length
5765,d
5766,n
5767,l
5768,p
5769,d
5770,r
5771,Identify
5772,l
5773,for
5774,var
5775,f
5776,function
5777,return
5778,this
5779,q
5780,this
5781,v
5782,getEventProperties
5783,setProductId
5784,setQuantity
5785,setPrice
5786,setRevenue
5787,setRevenueType
5788,setEventProperties
5789,y
5790,y
5791,v
5792,length
5793,y
5794,n
5795,f
5796,v
5797,y
5798,r
5799,Revenue
5800,f
5801,var
5802,m
5803,getDeviceId
5804,setDeviceId
5805,getSessionId
5806,setSessionId
5807,getUserId
5808,setUserId
5809,setOptOut
5810,setTransport
5811,reset
5812,extendSession
5813,g
5814,init
5815,add
5816,remove
5817,track
5818,logEvent
5819,identify
5820,groupIdentify
5821,setGroup
5822,revenue
5823,flush
5824,a
5825,r
5826,r
5827,createInstance
5828,function
5829,e
5830,return
5831,r
5832,iq
5833,e
5834,q
5835,a
5836,r
5837,iq
5838,e
5839,r
5840,iq
5841,e
5842,e
5843,amplitude
5844,r
5845,window
5846,document
5847,amplitude
5848,init
5849,d
5850,dcdfb
5851,e
5852,b
5853,a
5854,d
5855,f
5856,aa
5857,defaultTracking
5858,attribution
5859,true
5860,pageViews
5861,false
5862,sessions
5863,false
5864,formInteractions
5865,false
5866,fileDownloads
5867,false
5868,function
5869,w
5870,d
5871,s
5872,l
5873,i
5874,w
5875,l
5876,w
5877,l
5878,w
5879,l
5880,push
5881,gtm
5882,start
5883,new
5884,Date
5885,getTime
5886,event
5887,gtm
5888,js
5889,var
5890,f
5891,d
5892,getElementsByTagName
5893,s
5894,j
5895,d
5896,createElement
5897,s
5898,dl
5899,l
5900,dataLayer
5901,l
5902,l
5903,j
5904,async
5905,true
5906,j
5907,src
5908,window
5909,document
5910,script
5911,dataLayer
5912,GTM
5913,P
5914,J
5915,HJ
5916,Geometric
5917,Machine
5918,Learning
5919,Algorithm
5920,Geometry
5921,Spatial
5922,AI
5923,D
5924,D
5925,Smart
5926,Factory
5927,Digital
5928,Twin
5929,D
5930,D
5931,D
5932,Geometry
5933,ML
5934,algorithm
5935,Clean
5936,code
5937,Geometric
5938,Algorithm
5939,Machine
5940,Learning
5941,Algorithm
5942,Linux
5943,kernel
5944,QT
5945,Application
5946,MLOps
5947,EDI
5948,API
5949,EDI
5950,AWS
5951,ICT
5952,SPID
5953,assay
5954,Pi
5955,view
5956,system
5957,Cloning
5958,Western
5959,blot
5960,ELISA
5961,LiDAR
5962,CFD
5963,Embedded
5964,System
5965,Software
5966,NVMe
5967,FTL
5968,Flash
5969,Memory
5970,SSD
5971,Windows
5972,C
5973,WPF
5974,Node
5975,js
5976,PostgresSQL
5977,GraphQL
5978,API
5979,Cloud
5980,Microservice
5981,Architecture
5982,Exceed
5983,TurboX
5984,Exceed
5985,TurboX
5986,Exceed
5987,TurboX
5988,Unity
5989,Engine
5990,XR
5991,VR
5992,AR
5993,DevOps
5994,Validator
5995,Service
5996,Ethereum
5997,Aptos
5998,Rollup
5999,as
6000,a
6001,Service
6002,Polygon
6003,CDK
6004,L
6005,RaaS
6006,Incident
6007,Management
6008,Security
6009,Public
6010,goods
6011,Fullnode
6012,Indexer
6013,Explorer
6014,SaaS
6015,Solution
6016,Backend
6017,Java
6018,Web
6019,Application
6020,GNSS
6021,GPS
6022,GNSS
6023,GPS
6024,DGNSS
6025,RTK
6026,PPP
6027,RTK
6028,GNSS
6029,GPS
6030,GNSS
6031,GPS
6032,GNSS
6033,GPS
6034,Slack
6035,Mail
6036,MATLAB
6037,Github
6038,Matlab
6039,Python
6040,C
6041,C
6042,B
6043,m
6044,Github
6045,Notion
6046,Motion
6047,Control
6048,Path
6049,Planning
6050,Behavior
6051,Planning
6052,Node
6053,Type
6054,SI
6055,SW
6056,node
6057,red
6058,DB
6059,api
6060,Windows
6061,App
6062,Demo
6063,H
6064,W
6065,PCB
6066,PCB
6067,BOM
6068,AI
6069,serving
6070,Python
6071,Pytorch
6072,Tensorflow
6073,OpenCV
6074,HuggingFace
6075,Triton
6076,GPS
6077,AIoT
6078,BLE
6079,Flexity
6080,Flexity
6081,Flexity
6082,Windows
6083,net
6084,framework
6085,Rhino
6086,Python
6087,Automotive
6088,Radar
6089,Tracking
6090,Algorithm
6091,Infra
6092,Radar
6093,Tracking
6094,Algorithm
6095,Sensor
6096,Fusion
6097,Radar
6098,Tracking
6099,Algorithm
6100,In
6101,Cabin
6102,Radar
6103,Tracking
6104,Algorithm
6105,PCB
6106,EtherCAT
6107,localization
6108,mapping
6109,calibration
6110,DevOps
6111,Perception
6112,Planning
6113,SPH
6114,DEM
6115,Project
6116,WBS
6117,Project
6118,SI
6119,SW
6120,node
6121,red
6122,DB
6123,api
6124,ARCHON
6125,Z
6126,H
6127,W
6128,S
6129,W
6130,WebRTC
6131,Application
6132,Visual
6133,SLAM
6134,AR
6135,IoT
6136,Cloud
6137,Cloud
6138,IT
6139,RADAR
6140,LiDAR
6141,Perception
6142,Solution
6143,Core
6144,API
6145,LabVIEW
6146,EOL
6147,NI
6148,cRIO
6149,PXI
6150,RT
6151,LabVIEW
6152,FPGA
6153,NI
6154,VeriStand
6155,TestStand
6156,HILS
6157,EV
6158,ADAS
6159,HILS
6160,BMS
6161,MCU
6162,OBC
6163,LDC
6164,VCU
6165,LiDAR
6166,Perception
6167,Solution
6168,n
6169,n
6170,n
6171,n
6172,Jquery
6173,Kendo
6174,UI
6175,Component
6176,MVVM
6177,Ajax
6178,n
6179,Microsoft
6180,MVC
6181,n
6182,Microsoft
6183,SQL
6184,Server
6185,n
6186,Microsoft
6187,Azure
6188,Windows
6189,Server
6190,Platform
6191,n
6192,GitHub
6193,n
6194,Axosoft
6195,SmartSheet
6196,Google
6197,Workspace
6198,n
6199,url
6200,hiringOrganization
6201,Organization
6202,name
6203,logo
6204,description
6205,OMTI
6206,OMTI
6207,court
6208,reporting
6209,firms
6210,ReporterBase
6211,records
6212,retrieval
6213,companies
6214,Meta
6215,Records
6216,datePosted
6217,industry
6218,IT
6219,occupationalCategory
6220,NET
6221,validThrough
6222,employmentType
6223,jobLocation
6224,Place
6225,address
6226,PostalAddress
6227,streetAddress
6228,addressLocality
6229,addressRegion
6230,addressCountry
6231,experienceRequirements
6232,identifier
6233,PropertyValue
6234,propertyID
6235,baseSalary
6236,MonetaryAmount
6237,currency
6238,KRW
6239,value
6240,QuantitativeValue
6241,minValue
6242,maxValue
6243,unitText
6244,YEAR
6245,BreadcrumbList
6246,itemListElement
6247,ListItem
6248,position
6249,name
6250,item
6251,ListItem
6252,position
6253,name
6254,item
6255,ListItem
6256,position
6257,name
6258,NET
6259,item
6260,ListItem
6261,position
6262,name
6263,BreadcrumbList
6264,itemListElement
6265,ListItem
6266,position
6267,name
6268,item
6269,ListItem
6270,position
6271,name
6272,item
6273,tab
6274,company
6275,ListItem
6276,position
6277,name
6278,item
6279,ListItem
6280,position
6281,name
6282,function
6283,use
6284,strict
6285,function
6286,e
6287,t
6288,var
6289,r
6290,e
6291,amplitude
6292,q
6293,iq
6294,if
6295,r
6296,invoked
6297,e
6298,console
6299,console
6300,error
6301,console
6302,error
6303,Amplitude
6304,snippet
6305,has
6306,been
6307,loaded
6308,else
6309,var
6310,n
6311,function
6312,e
6313,t
6314,e
6315,prototype
6316,t
6317,function
6318,return
6319,this
6320,q
6321,push
6322,name
6323,t
6324,args
6325,arguments
6326,this
6327,s
6328,function
6329,e
6330,t
6331,r
6332,return
6333,function
6334,n
6335,e
6336,q
6337,push
6338,name
6339,t
6340,args
6341,r
6342,resolve
6343,n
6344,o
6345,function
6346,e
6347,t
6348,r
6349,e
6350,q
6351,push
6352,name
6353,t
6354,args
6355,r
6356,i
6357,function
6358,e
6359,t
6360,r
6361,e
6362,t
6363,function
6364,if
6365,r
6366,return
6367,promise
6368,new
6369,Promise
6370,s
6371,e
6372,t
6373,arguments
6374,o
6375,e
6376,t
6377,arguments
6378,a
6379,function
6380,e
6381,for
6382,var
6383,t
6384,t
6385,m
6386,length
6387,t
6388,i
6389,e
6390,m
6391,t
6392,for
6393,var
6394,r
6395,r
6396,g
6397,length
6398,r
6399,i
6400,e
6401,g
6402,r
6403,r
6404,invoked
6405,var
6406,c
6407,t
6408,createElement
6409,script
6410,c
6411,type
6412,text
6413,javascript
6414,c
6415,integrity
6416,sha
6417,BWw
6418,N
6419,aN
6420,SdxZuwmRR
6421,StXCLA
6422,Bre
6423,jR
6424,bJt
6425,pM
6426,IqONNALC
6427,rf
6428,NkWMTyta
6429,c
6430,crossOrigin
6431,anonymous
6432,c
6433,async
6434,c
6435,src
6436,c
6437,onload
6438,function
6439,e
6440,amplitude
6441,runQueuedFunctions
6442,console
6443,log
6444,Amplitude
6445,Error
6446,could
6447,not
6448,load
6449,SDK
6450,var
6451,u
6452,t
6453,getElementsByTagName
6454,script
6455,u
6456,parentNode
6457,insertBefore
6458,c
6459,u
6460,for
6461,var
6462,l
6463,function
6464,return
6465,this
6466,q
6467,this
6468,p
6469,add
6470,append
6471,clearAll
6472,prepend
6473,set
6474,setOnce
6475,unset
6476,preInsert
6477,postInsert
6478,remove
6479,getUserProperties
6480,d
6481,d
6482,p
6483,length
6484,d
6485,n
6486,l
6487,p
6488,d
6489,r
6490,Identify
6491,l
6492,for
6493,var
6494,f
6495,function
6496,return
6497,this
6498,q
6499,this
6500,v
6501,getEventProperties
6502,setProductId
6503,setQuantity
6504,setPrice
6505,setRevenue
6506,setRevenueType
6507,setEventProperties
6508,y
6509,y
6510,v
6511,length
6512,y
6513,n
6514,f
6515,v
6516,y
6517,r
6518,Revenue
6519,f
6520,var
6521,m
6522,getDeviceId
6523,setDeviceId
6524,getSessionId
6525,setSessionId
6526,getUserId
6527,setUserId
6528,setOptOut
6529,setTransport
6530,reset
6531,extendSession
6532,g
6533,init
6534,add
6535,remove
6536,track
6537,logEvent
6538,identify
6539,groupIdentify
6540,setGroup
6541,revenue
6542,flush
6543,a
6544,r
6545,r
6546,createInstance
6547,function
6548,e
6549,return
6550,r
6551,iq
6552,e
6553,q
6554,a
6555,r
6556,iq
6557,e
6558,r
6559,iq
6560,e
6561,e
6562,amplitude
6563,r
6564,window
6565,document
6566,amplitude
6567,init
6568,d
6569,dcdfb
6570,e
6571,b
6572,a
6573,d
6574,f
6575,aa
6576,defaultTracking
6577,attribution
6578,true
6579,pageViews
6580,false
6581,sessions
6582,false
6583,formInteractions
6584,false
6585,fileDownloads
6586,false
6587,function
6588,w
6589,d
6590,s
6591,l
6592,i
6593,w
6594,l
6595,w
6596,l
6597,w
6598,l
6599,push
6600,gtm
6601,start
6602,new
6603,Date
6604,getTime
6605,event
6606,gtm
6607,js
6608,var
6609,f
6610,d
6611,getElementsByTagName
6612,s
6613,j
6614,d
6615,createElement
6616,s
6617,dl
6618,l
6619,dataLayer
6620,l
6621,l
6622,j
6623,async
6624,true
6625,j
6626,src
6627,window
6628,document
6629,script
6630,dataLayer
6631,GTM
6632,P
6633,J
6634,HJ
6635,OMTI
6636,Inc
6637,ERP
6638,R
6639,D
6640,ERP
6641,Jquery
6642,Kendo
6643,UI
6644,Component
6645,MVVM
6646,Ajax
6647,Microsoft
6648,MVC
6649,Microsoft
6650,SQL
6651,Server
6652,Microsoft
6653,Azure
6654,Windows
6655,Server
6656,Platform
6657,GitHub
6658,Axosoft
6659,SmartSheet
6660,Google
6661,Workspace
6662,Runtime
6663,Environment
6664,Multi
6665,threading
6666,middleware
6667,Edge
6668,device
6669,targeted
6670,AI
6671,compiler
6672,Virtual
6673,Machine
6674,Parser
6675,Lexer
6676,Type
6677,inference
6678,algorithm
6679,Intel
6680,AMX
6681,intrinsic
6682,compiler
6683,technique
6684,MLIR
6685,Optimizing
6686,ML
6687,vision
6688,algorithm
6689,on
6690,DSP
6691,NPU
6692,AP
6693,Preprocessing
6694,procedure
6695,deep
6696,learning
6697,kernel
6698,Vision
6699,DSP
6700,NPU
6701,AP
6702,LiDAR
6703,Perception
6704,Solution
6705,Edge
6706,Computing
6707,n
6708,MCU
6709,IoT
6710,n
6711,n
6712,PCB
6713,SMT
6714,n
6715,n
6716,n
6717,n
6718,n
6719,n
6720,n
6721,n
6722,n
6723,n
6724,n
6725,n
6726,n
6727,n
6728,url
6729,hiringOrganization
6730,Organization
6731,name
6732,logo
6733,description
6734,Bodit
6735,Tech
6736,for
6737,Body
6738,n
6739,n
6740,UN
6741,World
6742,Bank
6743,n
6744,n
6745,n
6746,n
6747,datePosted
6748,industry
6749,IT
6750,occupationalCategory
6751,C
6752,C
6753,employmentType
6754,jobLocation
6755,Place
6756,address
6757,PostalAddress
6758,streetAddress
6759,addressLocality
6760,addressRegion
6761,addressCountry
6762,experienceRequirements
6763,identifier
6764,PropertyValue
6765,propertyID
6766,baseSalary
6767,MonetaryAmount
6768,currency
6769,KRW
6770,value
6771,QuantitativeValue
6772,minValue
6773,maxValue
6774,unitText
6775,YEAR
6776,BreadcrumbList
6777,itemListElement
6778,ListItem
6779,position
6780,name
6781,item
6782,ListItem
6783,position
6784,name
6785,item
6786,ListItem
6787,position
6788,name
6789,item
6790,ListItem
6791,position
6792,name
6793,HW
6794,BreadcrumbList
6795,itemListElement
6796,ListItem
6797,position
6798,name
6799,item
6800,ListItem
6801,position
6802,name
6803,item
6804,tab
6805,company
6806,ListItem
6807,position
6808,name
6809,item
6810,ListItem
6811,position
6812,name
6813,HW
6814,function
6815,use
6816,strict
6817,function
6818,e
6819,t
6820,var
6821,r
6822,e
6823,amplitude
6824,q
6825,iq
6826,if
6827,r
6828,invoked
6829,e
6830,console
6831,console
6832,error
6833,console
6834,error
6835,Amplitude
6836,snippet
6837,has
6838,been
6839,loaded
6840,else
6841,var
6842,n
6843,function
6844,e
6845,t
6846,e
6847,prototype
6848,t
6849,function
6850,return
6851,this
6852,q
6853,push
6854,name
6855,t
6856,args
6857,arguments
6858,this
6859,s
6860,function
6861,e
6862,t
6863,r
6864,return
6865,function
6866,n
6867,e
6868,q
6869,push
6870,name
6871,t
6872,args
6873,r
6874,resolve
6875,n
6876,o
6877,function
6878,e
6879,t
6880,r
6881,e
6882,q
6883,push
6884,name
6885,t
6886,args
6887,r
6888,i
6889,function
6890,e
6891,t
6892,r
6893,e
6894,t
6895,function
6896,if
6897,r
6898,return
6899,promise
6900,new
6901,Promise
6902,s
6903,e
6904,t
6905,arguments
6906,o
6907,e
6908,t
6909,arguments
6910,a
6911,function
6912,e
6913,for
6914,var
6915,t
6916,t
6917,m
6918,length
6919,t
6920,i
6921,e
6922,m
6923,t
6924,for
6925,var
6926,r
6927,r
6928,g
6929,length
6930,r
6931,i
6932,e
6933,g
6934,r
6935,r
6936,invoked
6937,var
6938,c
6939,t
6940,createElement
6941,script
6942,c
6943,type
6944,text
6945,javascript
6946,c
6947,integrity
6948,sha
6949,BWw
6950,N
6951,aN
6952,SdxZuwmRR
6953,StXCLA
6954,Bre
6955,jR
6956,bJt
6957,pM
6958,IqONNALC
6959,rf
6960,NkWMTyta
6961,c
6962,crossOrigin
6963,anonymous
6964,c
6965,async
6966,c
6967,src
6968,c
6969,onload
6970,function
6971,e
6972,amplitude
6973,runQueuedFunctions
6974,console
6975,log
6976,Amplitude
6977,Error
6978,could
6979,not
6980,load
6981,SDK
6982,var
6983,u
6984,t
6985,getElementsByTagName
6986,script
6987,u
6988,parentNode
6989,insertBefore
6990,c
6991,u
6992,for
6993,var
6994,l
6995,function
6996,return
6997,this
6998,q
6999,this
7000,p
7001,add
7002,append
7003,clearAll
7004,prepend
7005,set
7006,setOnce
7007,unset
7008,preInsert
7009,postInsert
7010,remove
7011,getUserProperties
7012,d
7013,d
7014,p
7015,length
7016,d
7017,n
7018,l
7019,p
7020,d
7021,r
7022,Identify
7023,l
7024,for
7025,var
7026,f
7027,function
7028,return
7029,this
7030,q
7031,this
7032,v
7033,getEventProperties
7034,setProductId
7035,setQuantity
7036,setPrice
7037,setRevenue
7038,setRevenueType
7039,setEventProperties
7040,y
7041,y
7042,v
7043,length
7044,y
7045,n
7046,f
7047,v
7048,y
7049,r
7050,Revenue
7051,f
7052,var
7053,m
7054,getDeviceId
7055,setDeviceId
7056,getSessionId
7057,setSessionId
7058,getUserId
7059,setUserId
7060,setOptOut
7061,setTransport
7062,reset
7063,extendSession
7064,g
7065,init
7066,add
7067,remove
7068,track
7069,logEvent
7070,identify
7071,groupIdentify
7072,setGroup
7073,revenue
7074,flush
7075,a
7076,r
7077,r
7078,createInstance
7079,function
7080,e
7081,return
7082,r
7083,iq
7084,e
7085,q
7086,a
7087,r
7088,iq
7089,e
7090,r
7091,iq
7092,e
7093,e
7094,amplitude
7095,r
7096,window
7097,document
7098,amplitude
7099,init
7100,d
7101,dcdfb
7102,e
7103,b
7104,a
7105,d
7106,f
7107,aa
7108,defaultTracking
7109,attribution
7110,true
7111,pageViews
7112,false
7113,sessions
7114,false
7115,formInteractions
7116,false
7117,fileDownloads
7118,false
7119,function
7120,w
7121,d
7122,s
7123,l
7124,i
7125,w
7126,l
7127,w
7128,l
7129,w
7130,l
7131,push
7132,gtm
7133,start
7134,new
7135,Date
7136,getTime
7137,event
7138,gtm
7139,js
7140,var
7141,f
7142,d
7143,getElementsByTagName
7144,s
7145,j
7146,d
7147,createElement
7148,s
7149,dl
7150,l
7151,dataLayer
7152,l
7153,l
7154,j
7155,async
7156,true
7157,j
7158,src
7159,window
7160,document
7161,script
7162,dataLayer
7163,GTM
7164,P
7165,J
7166,HJ
7167,HW
7168,Full
7169,stack
7170,MCU
7171,IoT
7172,PCB
7173,SMT
7174,D
7175,CAD
7176,S
7177,W
7178,Point
7179,cloud
7180,Polygon
7181,mesh
7182,processing
7183,Medical
7184,imaging
7185,processing
7186,CAD
7187,Graphics
7188,kernel
7189,device
7190,driver
7191,sensor
7192,peripheral
7193,MMM
7194,Marketing
7195,Mix
7196,Modeling
7197,MMM
7198,MMM
7199,MMM
7200,MMM
7201,Kotlin
7202,Android
7203,App
7204,VLLO
7205,VLLO
7206,Family
7207,VLLO
7208,Kotlin
7209,Android
7210,Application
7211,Jetpack
7212,Compose
7213,ViewModel
7214,LiveData
7215,Room
7216,Kotlin
7217,Java
7218,Git
7219,Slack
7220,Notion
7221,AV
7222,Receiver
7223,PCB
7224,PCB
7225,Artwork
7226,TEST
7227,PLAN
7228,PCB
7229,High
7230,Power
7231,SMPS
7232,High
7233,Power
7234,DC
7235,DC
7236,SSL
7237,VPN
7238,Backoffice
7239,Wallet
7240,Blockchain
7241,Data
7242,Platform
7243,Blockchain
7244,Solution
7245,Enterprise
7246,Blockchain
7247,Mainnet
7248,Blockchain
7249,Engineer
7250,Blockchain
7251,Blockchain
7252,API
7253,Blockchain
7254,Blockchain
7255,API
7256,MPC
7257,Blockchain
7258,Enterprise
7259,Blockchain
7260,Mainnet
7261,FPGA
7262,HW
7263,SW
7264,Linux
7265,Middleware
7266,BSP
7267,Windows
7268,Camera
7269,device
7270,driver
7271,Camera
7272,SW
7273,Engineering
7274,Process
7275,ISO
7276,ASPICE
7277,R
7278,D
7279,Cybersecurity
7280,Product
7281,Development
7282,Cybersecurity
7283,Concept
7284,System
7285,SW
7286,HW
7287,TARA
7288,HW
7289,HW
7290,OS
7291,GUI
7292,Lab
7293,H
7294,W
7295,EICD
7296,EICD
7297,NPU
7298,Backend
7299,Compiler
7300,NPU
7301,Simulator
7302,C
7303,TCP
7304,UDP
7305,C
7306,AI
7307,IoT
7308,UMG
7309,OS
7310,APT
7311,Advanced
7312,Persistent
7313,Threat
7314,Threat
7315,Hunting
7316,or
7317,Operation
7318,SW
7319,Kernel
7320,Platform
7321,Middleware
7322,Application
7323,S
7324,W
7325,SPH
7326,Smoothed
7327,Particle
7328,Hydrodynamics
7329,LBM
7330,Lattice
7331,Boltzmann
7332,Method
7333,CFD
7334,CAD
7335,B
7336,rep
7337,Polygon
7338,GPU
7339,programming
7340,CFD
7341,LLM
7342,fine
7343,tuning
7344,LLM
7345,AI
7346,ML
7347,LLM
7348,AMR
7349,SI
7350,AMR
7351,SI
7352,AMR
7353,SI
7354,CS
7355,F
7356,W
7357,Coretex
7358,M
7359,CAN
7360,I
7361,C
7362,UART
7363,BLE
7364,BLE
7365,Mesh
7366,WiFi
7367,Defect
7368,Interface
7369,Gui
7370,Trading
7371,Firm
7372,YT
7373,SQL
7374,Tableau
7375,Redash
7376,SQL
7377,R
7378,Python
7379,AWS
7380,Server
7381,Application
7382,React
7383,Next
7384,js
7385,Typescript
7386,AWS
7387,CLO
7388,MarvelousDesigner
7389,QT
7390,Framework
7391,Windows
7392,Mac
7393,cross
7394,platform
7395,UI
7396,API
7397,SDK
7398,Unity
7399,Unreal
7400,CLO
7401,Computer
7402,vision
7403,applications
7404,NLP
7405,LLM
7406,applications
7407,ES
7408,X
7409,RAY
7410,Detector
7411,X
7412,RAY
7413,Sample
7414,PLC
7415,Mitsubishi
7416,SIEMENS
7417,CS
7418,X
7419,ray
7420,PLC
7421,Set
7422,Up
7423,X
7424,ray
7425,PC
7426,SW
7427,Library
7428,S
7429,W
7430,Motor
7431,Setting
7432,Tuning
7433,Setting
7434,Detector
7435,Barcoder
7436,Key
7437,Responsibilities
7438,As
7439,a
7440,Standardization
7441,Expert
7442,at
7443,Hopae
7444,you
7445,will
7446,play
7447,a
7448,crucial
7449,role
7450,in
7451,representing
7452,our
7453,interests
7454,and
7455,expertise
7456,in
7457,various
7458,standardization
7459,bodies
7460,and
7461,ensuring
7462,that
7463,industry
7464,standards
7465,align
7466,with
7467,our
7468,goals
7469,and
7470,technologies
7471,Develop
7472,and
7473,execute
7474,a
7475,strategy
7476,for
7477,participation
7478,in
7479,standardization
7480,activities
7481,with
7482,key
7483,organizations
7484,like
7485,ISO
7486,ITU
7487,IETF
7488,W
7489,C
7490,and
7491,ETSI
7492,Represent
7493,Hopae
7494,in
7495,relevant
7496,standardization
7497,meetings
7498,and
7499,contribute
7500,to
7501,the
7502,development
7503,of
7504,industry
7505,standards
7506,Monitor
7507,and
7508,analyze
7509,emerging
7510,standards
7511,and
7512,regulatory
7513,trends
7514,to
7515,identify
7516,potential
7517,impacts
7518,on
7519,Hopae
7520,s
7521,technology
7522,and
7523,business
7524,Collaborate
7525,with
7526,internal
7527,teams
7528,to
7529,ensure
7530,our
7531,products
7532,and
7533,solutions
7534,comply
7535,with
7536,current
7537,and
7538,upcoming
7539,standards
7540,Build
7541,and
7542,maintain
7543,relationships
7544,with
7545,key
7546,stakeholders
7547,in
7548,the
7549,standardization
7550,community
7551,Data
7552,Engineer
7553,Data
7554,Lake
7555,Skill
7556,Skill
7557,AWS
7558,Python
7559,Java
7560,SQL
7561,Apache
7562,Spark
7563,Airflow
7564,Kafka
7565,Docker
7566,AI
7567,P
7568,P
7569,MSA
7570,AI
7571,AI
7572,HA
7573,DevOps
7574,CI
7575,CD
7576,AI
